date,time_idx,group_id,city_id,hospital_id_enc,hospital_beds,staff_count,population_density,admissions,lag_1_admissions,lag_7_admissions,rolling_14_admissions,aqi,temp,humidity,rainfall,wind_speed,mobility_index,outbreak_index,festival_flag,holiday_flag,weekday,is_weekend,aqi_forecast_1,temp_forecast_1,rainfall_forecast_1,aqi_forecast_2,temp_forecast_2,rainfall_forecast_2,aqi_forecast_3,temp_forecast_3,rainfall_forecast_3,aqi_forecast_4,temp_forecast_4,rainfall_forecast_4,aqi_forecast_5,temp_forecast_5,rainfall_forecast_5,aqi_forecast_6,temp_forecast_6,rainfall_forecast_6,aqi_forecast_7,temp_forecast_7,rainfall_forecast_7
2025-05-29,0,MUMH1,0,0,90,30,20400,184,184,184,184.0,149,28.95,71.53,4,3.82,79,0.0,0,0,3,0,148,28.82,4,133,28.67,4,132,28.52,42,146,28.36,42,145,28.19,42,145,28.02,42,144,27.85,42
2025-05-30,1,MUMH1,0,0,90,30,20400,190,184,184,187.0,148,28.82,71.36,4,3.8,79,0.0,0,0,4,0,133,28.67,4,132,28.52,42,146,28.36,42,145,28.19,42,145,28.02,42,144,27.85,42,143,27.68,42
2025-05-31,2,MUMH1,0,0,90,30,20400,171,190,184,181.67,133,28.67,71.19,4,3.77,69,0.0,0,0,5,1,132,28.52,42,146,28.36,42,145,28.19,42,145,28.02,42,144,27.85,42,143,27.68,42,127,27.51,42
2025-06-01,3,MUMH1,0,0,90,30,20400,187,171,184,183.0,132,28.52,71.02,42,3.75,69,0.0,0,0,6,1,146,28.36,42,145,28.19,42,145,28.02,42,144,27.85,42,143,27.68,42,127,27.51,42,126,27.34,41
2025-06-02,4,MUMH1,0,0,90,30,20400,212,187,184,188.8,146,28.36,70.84,42,3.73,79,0.0,0,0,0,0,145,28.19,42,145,28.02,42,144,27.85,42,143,27.68,42,127,27.51,42,126,27.34,41,140,27.17,41
2025-06-03,5,MUMH1,0,0,90,30,20400,207,212,184,191.83,145,28.19,70.66,42,3.71,79,0.0,0,0,1,0,145,28.02,42,144,27.85,42,143,27.68,42,127,27.51,42,126,27.34,41,140,27.17,41,140,27.02,41
2025-06-04,6,MUMH1,0,0,90,30,20400,197,207,184,192.57,145,28.02,70.48,42,3.68,79,0.0,0,0,2,0,144,27.85,42,143,27.68,42,127,27.51,42,126,27.34,41,140,27.17,41,140,27.02,41,139,26.87,41
2025-06-05,7,MUMH1,0,0,90,30,20400,195,197,184,192.88,144,27.85,70.29,42,3.66,79,0.0,0,0,3,0,143,27.68,42,127,27.51,42,126,27.34,41,140,27.17,41,140,27.02,41,139,26.87,41,138,26.73,41
2025-06-06,8,MUMH1,0,0,90,30,20400,279,195,190,202.44,143,27.68,70.1,42,3.64,79,0.4,0,0,4,0,127,27.51,42,126,27.34,41,140,27.17,41,140,27.02,41,139,26.87,41,138,26.73,41,137,26.6,41
2025-06-07,9,MUMH1,0,0,90,30,20400,184,279,171,200.6,127,27.51,69.91,42,3.61,69,0.0,0,0,5,1,126,27.34,41,140,27.17,41,140,27.02,41,139,26.87,41,138,26.73,41,137,26.6,41,121,26.48,41
2025-06-08,10,MUMH1,0,0,90,30,20400,185,184,187,199.18,126,27.34,69.72,41,3.59,69,0.0,0,0,6,1,140,27.17,41,140,27.02,41,139,26.87,41,138,26.73,41,137,26.6,41,121,26.48,41,121,26.38,41
2025-06-09,11,MUMH1,0,0,90,30,20400,207,185,212,199.83,140,27.17,69.52,41,3.57,79,0.0,0,0,0,0,140,27.02,41,139,26.87,41,138,26.73,41,137,26.6,41,121,26.48,41,121,26.38,41,135,26.29,41
2025-06-10,12,MUMH1,0,0,90,30,20400,204,207,207,200.15,140,27.02,69.32,41,3.54,79,0.0,0,0,1,0,139,26.87,41,138,26.73,41,137,26.6,41,121,26.48,41,121,26.38,41,135,26.29,41,134,26.21,41
2025-06-11,13,MUMH1,0,0,90,30,20400,192,204,197,199.57,139,26.87,69.11,41,3.52,79,0.0,0,0,2,0,138,26.73,41,137,26.6,41,121,26.48,41,121,26.38,41,135,26.29,41,134,26.21,41,134,26.15,41
2025-06-12,14,MUMH1,0,0,90,30,20400,189,192,195,199.93,138,26.73,68.91,41,3.49,79,0.0,0,0,3,0,137,26.6,41,121,26.48,41,121,26.38,41,135,26.29,41,134,26.21,41,134,26.15,41,133,26.1,41
2025-06-13,15,MUMH1,0,0,90,30,20400,167,189,279,198.29,137,26.6,68.7,41,3.47,79,0.0,0,1,4,0,121,26.48,41,121,26.38,41,135,26.29,41,134,26.21,41,134,26.15,41,133,26.1,41,132,26.06,40
2025-06-14,16,MUMH1,0,0,90,30,20400,182,167,184,199.07,121,26.48,68.49,41,3.45,69,0.0,0,0,5,1,121,26.38,41,135,26.29,41,134,26.21,41,134,26.15,41,133,26.1,41,132,26.06,40,117,26.03,40
2025-06-15,17,MUMH1,0,0,90,30,20400,182,182,185,198.71,121,26.38,68.27,41,3.42,69,0.0,0,0,6,1,135,26.29,41,134,26.21,41,134,26.15,41,133,26.1,41,132,26.06,40,117,26.03,40,116,26.02,40
2025-06-16,18,MUMH1,0,0,90,30,20400,207,182,207,198.36,135,26.29,68.05,41,3.4,79,0.0,0,0,0,0,134,26.21,41,134,26.15,41,133,26.1,41,132,26.06,40,117,26.03,40,116,26.02,40,131,26.02,40
2025-06-17,19,MUMH1,0,0,90,30,20400,202,207,204,198.0,134,26.21,67.84,41,3.37,79,0.0,0,0,1,0,134,26.15,41,133,26.1,41,132,26.06,40,117,26.03,40,116,26.02,40,131,26.02,40,131,26.03,40
2025-06-18,20,MUMH1,0,0,90,30,20400,195,202,192,197.86,134,26.15,67.61,41,3.35,79,0.0,0,0,2,0,133,26.1,41,132,26.06,40,117,26.03,40,116,26.02,40,131,26.02,40,131,26.03,40,130,26.05,40
2025-06-19,21,MUMH1,0,0,90,30,20400,186,195,189,197.21,133,26.1,67.39,41,3.32,79,0.0,0,0,3,0,132,26.06,40,117,26.03,40,116,26.02,40,131,26.02,40,131,26.03,40,130,26.05,40,130,26.08,40
2025-06-20,22,MUMH1,0,0,90,30,20400,189,186,167,190.79,132,26.06,67.16,40,3.3,79,0.0,0,0,4,0,117,26.03,40,116,26.02,40,131,26.02,40,131,26.03,40,130,26.05,40,130,26.08,40,210,26.11,40
2025-06-21,23,MUMH1,0,0,90,30,20400,174,189,182,190.07,117,26.03,66.94,40,3.27,69,0.0,0,0,5,1,116,26.02,40,131,26.02,40,131,26.03,40,130,26.05,40,130,26.08,40,210,26.11,40,195,26.15,40
2025-06-22,24,MUMH1,0,0,90,30,20400,177,174,182,189.5,116,26.02,66.71,40,3.24,69,0.0,0,0,6,1,131,26.02,40,131,26.03,40,130,26.05,40,130,26.08,40,210,26.11,40,195,26.15,40,195,26.19,40
2025-06-23,25,MUMH1,0,0,90,30,20400,201,177,207,189.07,131,26.02,66.47,40,3.22,79,0.0,0,0,0,0,131,26.03,40,130,26.05,40,130,26.08,40,210,26.11,40,195,26.15,40,195,26.19,40,129,26.24,40
2025-06-24,26,MUMH1,0,0,90,30,20400,195,201,202,188.43,131,26.03,66.24,40,3.19,79,0.0,0,0,1,0,130,26.05,40,130,26.08,40,210,26.11,40,195,26.15,40,195,26.19,40,129,26.24,40,129,26.28,40
2025-06-25,27,MUMH1,0,0,90,30,20400,192,195,195,188.43,130,26.05,66.01,40,3.17,79,0.0,0,0,2,0,130,26.08,40,210,26.11,40,195,26.15,40,195,26.19,40,129,26.24,40,129,26.28,40,129,26.32,40
2025-06-26,28,MUMH1,0,0,90,30,20400,184,192,186,188.07,130,26.08,65.77,40,3.14,79,0.0,0,0,3,0,210,26.11,40,195,26.15,40,195,26.19,40,129,26.24,40,129,26.28,40,129,26.32,40,129,26.35,40
2025-06-27,29,MUMH1,0,0,90,30,20400,222,184,189,192.0,210,26.11,65.53,40,3.12,54,0.0,1,0,4,0,195,26.15,40,195,26.19,40,129,26.24,40,129,26.28,40,129,26.32,40,129,26.35,40,129,26.38,40
2025-06-28,30,MUMH1,0,0,90,30,20400,208,222,174,193.86,195,26.15,65.29,40,3.09,44,0.0,1,0,5,1,195,26.19,40,129,26.24,40,129,26.28,40,129,26.32,40,129,26.35,40,129,26.38,40,114,26.41,40
2025-06-29,31,MUMH1,0,0,90,30,20400,213,208,177,196.07,195,26.19,65.05,40,3.06,44,0.0,1,0,6,1,129,26.24,40,129,26.28,40,129,26.32,40,129,26.35,40,129,26.38,40,114,26.41,40,114,26.42,40
2025-06-30,32,MUMH1,0,0,90,30,20400,194,213,201,195.14,129,26.24,64.8,40,3.04,79,0.0,0,0,0,0,129,26.28,40,129,26.32,40,129,26.35,40,129,26.38,40,114,26.41,40,114,26.42,40,128,26.43,40
2025-07-01,33,MUMH1,0,0,90,30,20400,194,194,195,194.57,129,26.28,64.56,40,3.01,79,0.0,0,0,1,0,129,26.32,40,129,26.35,40,129,26.38,40,114,26.41,40,114,26.42,40,128,26.43,40,128,26.42,40
2025-07-02,34,MUMH1,0,0,90,30,20400,193,194,192,194.43,129,26.32,64.31,40,2.99,79,0.0,0,0,2,0,129,26.35,40,129,26.38,40,114,26.41,40,114,26.42,40,128,26.43,40,128,26.42,40,128,26.4,40
2025-07-03,35,MUMH1,0,0,90,30,20400,188,193,184,194.57,129,26.35,64.06,40,2.96,79,0.0,0,0,3,0,129,26.38,40,114,26.41,40,114,26.42,40,128,26.43,40,128,26.42,40,128,26.4,40,128,26.38,40
2025-07-04,36,MUMH1,0,0,90,30,20400,182,188,222,194.07,129,26.38,63.81,40,2.94,79,0.0,0,0,4,0,114,26.41,40,114,26.42,40,128,26.43,40,128,26.42,40,128,26.4,40,128,26.38,40,127,26.33,40
2025-07-05,37,MUMH1,0,0,90,30,20400,171,182,208,193.86,114,26.41,63.56,40,2.91,69,0.0,0,0,5,1,114,26.42,40,128,26.43,40,128,26.42,40,128,26.4,40,128,26.38,40,127,26.33,40,112,26.28,40
2025-07-06,38,MUMH1,0,0,90,30,20400,172,171,213,193.5,114,26.42,63.31,40,2.88,69,0.0,0,0,6,1,128,26.43,40,128,26.42,40,128,26.4,40,128,26.38,40,127,26.33,40,112,26.28,40,112,26.21,40
2025-07-07,39,MUMH1,0,0,90,30,20400,206,172,194,193.86,128,26.43,63.06,40,2.86,79,0.0,0,0,0,0,128,26.42,40,128,26.4,40,128,26.38,40,127,26.33,40,112,26.28,40,112,26.21,40,126,26.13,41
2025-07-08,40,MUMH1,0,0,90,30,20400,194,206,194,193.79,128,26.42,62.81,40,2.83,79,0.0,0,0,1,0,128,26.4,40,128,26.38,40,127,26.33,40,112,26.28,40,112,26.21,40,126,26.13,41,126,26.04,41
2025-07-09,41,MUMH1,0,0,90,30,20400,188,194,193,193.5,128,26.4,62.55,40,2.81,79,0.0,0,0,2,0,128,26.38,40,127,26.33,40,112,26.28,40,112,26.21,40,126,26.13,41,126,26.04,41,125,25.94,41
2025-07-10,42,MUMH1,0,0,90,30,20400,183,188,188,193.43,128,26.38,62.3,40,2.78,79,0.0,0,0,3,0,127,26.33,40,112,26.28,40,112,26.21,40,126,26.13,41,126,26.04,41,125,25.94,41,124,25.83,41
2025-07-11,43,MUMH1,0,0,90,30,20400,192,183,182,191.29,127,26.33,62.04,40,2.76,79,0.0,0,0,4,0,112,26.28,40,112,26.21,40,126,26.13,41,126,26.04,41,125,25.94,41,124,25.83,41,124,25.71,41
2025-07-12,44,MUMH1,0,0,90,30,20400,176,192,171,189.0,112,26.28,61.78,40,2.73,69,0.0,0,0,5,1,112,26.21,40,126,26.13,41,126,26.04,41,125,25.94,41,124,25.83,41,124,25.71,41,108,25.57,41
2025-07-13,45,MUMH1,0,0,90,30,20400,264,176,172,192.64,112,26.21,61.53,40,2.7,69,0.4,0,0,6,1,126,26.13,41,126,26.04,41,125,25.94,41,124,25.83,41,124,25.71,41,108,25.57,41,107,25.44,41
2025-07-14,46,MUMH1,0,0,90,30,20400,200,264,206,193.07,126,26.13,61.27,41,2.68,79,0.0,0,0,0,0,126,26.04,41,125,25.94,41,124,25.83,41,124,25.71,41,108,25.57,41,107,25.44,41,122,25.29,41
2025-07-15,47,MUMH1,0,0,90,30,20400,200,200,194,193.5,126,26.04,61.01,41,2.65,79,0.0,0,0,1,0,125,25.94,41,124,25.83,41,124,25.71,41,108,25.57,41,107,25.44,41,122,25.29,41,121,25.15,41
2025-07-16,48,MUMH1,0,0,90,30,20400,187,200,188,193.07,125,25.94,60.76,41,2.63,79,0.0,0,0,2,0,124,25.83,41,124,25.71,41,108,25.57,41,107,25.44,41,122,25.29,41,121,25.15,41,120,25.0,41
2025-07-17,49,MUMH1,0,0,90,30,20400,186,187,183,192.93,124,25.83,60.5,41,2.6,79,0.0,0,0,3,0,124,25.71,41,108,25.57,41,107,25.44,41,122,25.29,41,121,25.15,41,120,25.0,41,119,24.85,41
2025-07-18,50,MUMH1,0,0,90,30,20400,182,186,192,192.93,124,25.71,60.24,41,2.58,79,0.0,0,0,4,0,108,25.57,41,107,25.44,41,122,25.29,41,121,25.15,41,120,25.0,41,119,24.85,41,118,24.71,41
2025-07-19,51,MUMH1,0,0,90,30,20400,182,182,176,193.71,108,25.57,59.98,41,2.55,69,0.0,0,0,5,1,107,25.44,41,122,25.29,41,121,25.15,41,120,25.0,41,119,24.85,41,118,24.71,41,102,24.56,42
2025-07-20,52,MUMH1,0,0,90,30,20400,172,182,264,193.71,107,25.44,59.72,41,2.53,69,0.0,0,0,6,1,122,25.29,41,121,25.15,41,120,25.0,41,119,24.85,41,118,24.71,41,102,24.56,42,102,24.43,42
2025-07-21,53,MUMH1,0,0,90,30,20400,199,172,200,193.21,122,25.29,59.46,41,2.51,79,0.0,0,0,0,0,121,25.15,41,120,25.0,41,119,24.85,41,118,24.71,41,102,24.56,42,102,24.43,42,116,24.3,42
2025-07-22,54,MUMH1,0,0,90,30,20400,205,199,200,194.0,121,25.15,59.21,41,2.48,79,0.0,0,0,1,0,120,25.0,41,119,24.85,41,118,24.71,41,102,24.56,42,102,24.43,42,116,24.3,42,115,24.17,42
2025-07-23,55,MUMH1,0,0,90,30,20400,180,205,187,193.43,120,25.0,58.95,41,2.46,79,0.0,0,0,2,0,119,24.85,41,118,24.71,41,102,24.56,42,102,24.43,42,116,24.3,42,115,24.17,42,114,24.06,42
2025-07-24,56,MUMH1,0,0,90,30,20400,188,180,186,193.79,119,24.85,58.69,41,2.43,79,0.0,0,0,3,0,118,24.71,41,102,24.56,42,102,24.43,42,116,24.3,42,115,24.17,42,114,24.06,42,113,23.96,42
2025-07-25,57,MUMH1,0,0,90,30,20400,186,188,182,193.36,118,24.71,58.43,41,2.41,79,0.0,0,0,4,0,102,24.56,42,102,24.43,42,116,24.3,42,115,24.17,42,114,24.06,42,113,23.96,42,112,23.87,42
2025-07-26,58,MUMH1,0,0,90,30,20400,175,186,182,193.29,102,24.56,58.18,42,2.39,69,0.0,0,0,5,1,102,24.43,42,116,24.3,42,115,24.17,42,114,24.06,42,113,23.96,42,112,23.87,42,97,23.79,42
2025-07-27,59,MUMH1,0,0,90,30,20400,170,175,172,186.57,102,24.43,57.92,42,2.36,69,0.0,0,0,6,1,116,24.3,42,115,24.17,42,114,24.06,42,113,23.96,42,112,23.87,42,97,23.79,42,96,23.73,42
2025-07-28,60,MUMH1,0,0,90,30,20400,170,170,199,184.43,116,24.3,57.67,42,2.34,79,0.0,0,1,0,0,115,24.17,42,114,24.06,42,113,23.96,42,112,23.87,42,97,23.79,42,96,23.73,42,110,23.68,42
2025-07-29,61,MUMH1,0,0,90,30,20400,201,170,205,184.5,115,24.17,57.41,42,2.32,79,0.0,0,0,1,0,114,24.06,42,113,23.96,42,112,23.87,42,97,23.79,42,96,23.73,42,110,23.68,42,110,23.65,42
2025-07-30,62,MUMH1,0,0,90,30,20400,184,201,180,184.29,114,24.06,57.16,42,2.29,79,0.0,0,0,2,0,113,23.96,42,112,23.87,42,97,23.79,42,96,23.73,42,110,23.68,42,110,23.65,42,109,23.63,42
2025-07-31,63,MUMH1,0,0,90,30,20400,190,184,188,184.57,113,23.96,56.91,42,2.27,79,0.0,0,0,3,0,112,23.87,42,97,23.79,42,96,23.73,42,110,23.68,42,110,23.65,42,109,23.63,42,109,23.62,42
2025-08-01,64,MUMH1,0,0,90,30,20400,184,190,186,184.71,112,23.87,56.65,42,2.25,79,0.0,0,0,4,0,97,23.79,42,96,23.73,42,110,23.68,42,110,23.65,42,109,23.63,42,109,23.62,42,108,23.63,43
2025-08-02,65,MUMH1,0,0,90,30,20400,178,184,175,184.43,97,23.79,56.4,42,2.23,69,0.0,0,0,5,1,96,23.73,42,110,23.68,42,110,23.65,42,109,23.63,42,109,23.62,42,108,23.63,43,93,23.65,43
2025-08-03,66,MUMH1,0,0,90,30,20400,171,178,170,184.36,96,23.73,56.15,42,2.2,69,0.0,0,0,6,1,110,23.68,42,110,23.65,42,109,23.63,42,109,23.62,42,108,23.63,43,93,23.65,43,93,23.69,43
2025-08-04,67,MUMH1,0,0,90,30,20400,198,171,170,184.29,110,23.68,55.9,42,2.18,79,0.0,0,0,0,0,110,23.65,42,109,23.63,42,109,23.62,42,108,23.63,43,93,23.65,43,93,23.69,43,108,23.73,43
2025-08-05,68,MUMH1,0,0,90,30,20400,195,198,201,183.57,110,23.65,55.65,42,2.16,79,0.0,0,0,1,0,109,23.63,42,109,23.62,42,108,23.63,43,93,23.65,43,93,23.69,43,108,23.73,43,107,23.79,43
2025-08-06,69,MUMH1,0,0,90,30,20400,182,195,184,183.71,109,23.63,55.41,42,2.14,79,0.0,0,0,2,0,109,23.62,42,108,23.63,43,93,23.65,43,93,23.69,43,108,23.73,43,107,23.79,43,107,23.85,43
2025-08-07,70,MUMH1,0,0,90,30,20400,189,182,190,183.79,109,23.62,55.16,42,2.12,79,0.0,0,0,3,0,108,23.63,43,93,23.65,43,93,23.69,43,108,23.73,43,107,23.79,43,107,23.85,43,107,23.93,43
2025-08-08,71,MUMH1,0,0,90,30,20400,184,189,184,183.64,108,23.63,54.92,43,2.1,79,0.0,0,0,4,0,93,23.65,43,93,23.69,43,108,23.73,43,107,23.79,43,107,23.85,43,107,23.93,43,107,24.01,43
2025-08-09,72,MUMH1,0,0,90,30,20400,172,184,178,183.43,93,23.65,54.68,43,2.08,69,0.0,0,0,5,1,93,23.69,43,108,23.73,43,107,23.79,43,107,23.85,43,107,23.93,43,107,24.01,43,92,24.09,43
2025-08-10,73,MUMH1,0,0,90,30,20400,171,172,171,183.5,93,23.69,54.44,43,2.06,69,0.0,0,0,6,1,108,23.73,43,107,23.79,43,107,23.85,43,107,23.93,43,107,24.01,43,92,24.09,43,92,24.17,43
2025-08-11,74,MUMH1,0,0,90,30,20400,202,171,198,185.79,108,23.73,54.2,43,2.04,79,0.0,0,0,0,0,107,23.79,43,107,23.85,43,107,23.93,43,107,24.01,43,92,24.09,43,92,24.17,43,107,24.26,43
2025-08-12,75,MUMH1,0,0,90,30,20400,189,202,195,184.93,107,23.79,53.96,43,2.02,79,0.0,0,0,1,0,107,23.85,43,107,23.93,43,107,24.01,43,92,24.09,43,92,24.17,43,107,24.26,43,107,24.34,43
2025-08-13,76,MUMH1,0,0,90,30,20400,185,189,182,185.0,107,23.85,53.73,43,2.0,79,0.0,0,0,2,0,107,23.93,43,107,24.01,43,92,24.09,43,92,24.17,43,107,24.26,43,107,24.34,43,107,24.42,43
2025-08-14,77,MUMH1,0,0,90,30,20400,181,185,189,184.36,107,23.93,53.49,43,1.98,79,0.0,0,0,3,0,107,24.01,43,92,24.09,43,92,24.17,43,107,24.26,43,107,24.34,43,107,24.42,43,107,24.5,43
2025-08-15,78,MUMH1,0,0,90,30,20400,182,181,184,184.21,107,24.01,53.26,43,1.96,79,0.0,0,0,4,0,92,24.09,43,92,24.17,43,107,24.26,43,107,24.34,43,107,24.42,43,107,24.5,43,107,24.57,43
2025-08-16,79,MUMH1,0,0,90,30,20400,177,182,172,184.14,92,24.09,53.03,43,1.94,69,0.0,0,0,5,1,92,24.17,43,107,24.26,43,107,24.34,43,107,24.42,43,107,24.5,43,107,24.57,43,92,24.64,43
2025-08-17,80,MUMH1,0,0,90,30,20400,161,177,171,183.43,92,24.17,52.8,43,1.92,69,0.0,0,0,6,1,107,24.26,43,107,24.34,43,107,24.42,43,107,24.5,43,107,24.57,43,92,24.64,43,92,24.69,43
2025-08-18,81,MUMH1,0,0,90,30,20400,189,161,202,182.79,107,24.26,52.58,43,1.91,79,0.0,0,0,0,0,107,24.34,43,107,24.42,43,107,24.5,43,107,24.57,43,92,24.64,43,92,24.69,43,107,24.74,44
2025-08-19,82,MUMH1,0,0,90,30,20400,432,189,189,199.71,107,24.34,52.35,43,1.89,79,1.0,0,0,1,0,107,24.42,43,107,24.5,43,107,24.57,43,92,24.64,43,92,24.69,43,107,24.74,44,187,24.77,44
2025-08-20,83,MUMH1,0,0,90,30,20400,182,432,185,199.71,107,24.42,52.13,43,1.87,79,0.0,0,0,2,0,107,24.5,43,107,24.57,43,92,24.64,43,92,24.69,43,107,24.74,44,187,24.77,44,187,24.8,44
2025-08-21,84,MUMH1,0,0,90,30,20400,183,182,181,199.29,107,24.5,51.91,43,1.85,79,0.0,0,0,3,0,107,24.57,43,92,24.64,43,92,24.69,43,107,24.74,44,187,24.77,44,187,24.8,44,187,24.81,44
2025-08-22,85,MUMH1,0,0,90,30,20400,184,183,182,199.29,107,24.57,51.7,43,1.84,79,0.0,0,0,4,0,92,24.64,43,92,24.69,43,107,24.74,44,187,24.77,44,187,24.8,44,187,24.81,44,107,24.81,44
2025-08-23,86,MUMH1,0,0,90,30,20400,172,184,177,199.29,92,24.64,51.48,43,1.82,69,0.0,0,0,5,1,92,24.69,43,107,24.74,44,187,24.77,44,187,24.8,44,187,24.81,44,107,24.81,44,92,24.79,44
2025-08-24,87,MUMH1,0,0,90,30,20400,173,172,161,199.43,92,24.69,51.27,43,1.81,69,0.0,0,0,6,1,107,24.74,44,187,24.77,44,187,24.8,44,187,24.81,44,107,24.81,44,92,24.79,44,92,24.77,44
2025-08-25,88,MUMH1,0,0,90,30,20400,193,173,189,198.79,107,24.74,51.06,44,1.79,79,0.0,0,0,0,0,187,24.77,44,187,24.8,44,187,24.81,44,107,24.81,44,92,24.79,44,92,24.77,44,106,24.73,44
2025-08-26,89,MUMH1,0,0,90,30,20400,233,193,432,201.93,187,24.77,50.86,44,1.78,54,0.0,1,0,1,0,187,24.8,44,187,24.81,44,107,24.81,44,92,24.79,44,92,24.77,44,106,24.73,44,106,24.68,44
2025-08-27,90,MUMH1,0,0,90,30,20400,206,233,182,203.43,187,24.8,50.65,44,1.76,54,0.0,1,0,2,0,187,24.81,44,107,24.81,44,92,24.79,44,92,24.77,44,106,24.73,44,106,24.68,44,106,24.63,44
2025-08-28,91,MUMH1,0,0,90,30,20400,243,206,183,207.86,187,24.81,50.45,44,1.75,54,0.0,1,0,3,0,107,24.81,44,92,24.79,44,92,24.77,44,106,24.73,44,106,24.68,44,106,24.63,44,105,24.56,44
2025-08-29,92,MUMH1,0,0,90,30,20400,177,243,184,207.5,107,24.81,50.26,44,1.73,79,0.0,0,0,4,0,92,24.79,44,92,24.77,44,106,24.73,44,106,24.68,44,106,24.63,44,105,24.56,44,105,24.48,44
2025-08-30,93,MUMH1,0,0,90,30,20400,174,177,172,207.29,92,24.79,50.06,44,1.72,69,0.0,0,0,5,1,92,24.77,44,106,24.73,44,106,24.68,44,106,24.63,44,105,24.56,44,105,24.48,44,89,24.4,44
2025-08-31,94,MUMH1,0,0,90,30,20400,176,174,173,208.36,92,24.77,49.87,44,1.71,69,0.0,0,0,6,1,106,24.73,44,106,24.68,44,106,24.63,44,105,24.56,44,105,24.48,44,89,24.4,44,89,24.31,44
2025-09-01,95,MUMH1,0,0,90,30,20400,203,176,193,209.36,106,24.73,49.68,44,1.69,79,0.0,0,0,0,0,106,24.68,44,106,24.63,44,105,24.56,44,105,24.48,44,89,24.4,44,89,24.31,44,104,24.22,44
2025-09-02,96,MUMH1,0,0,90,30,20400,187,203,233,191.86,106,24.68,49.49,44,1.68,79,0.0,0,0,1,0,106,24.63,44,105,24.56,44,105,24.48,44,89,24.4,44,89,24.31,44,104,24.22,44,103,24.12,44
2025-09-03,97,MUMH1,0,0,90,30,20400,183,187,206,191.93,106,24.63,49.31,44,1.67,79,0.0,0,0,2,0,105,24.56,44,105,24.48,44,89,24.4,44,89,24.31,44,104,24.22,44,103,24.12,44,102,24.03,44
2025-09-04,98,MUMH1,0,0,90,30,20400,199,183,243,193.07,105,24.56,49.13,44,1.66,79,0.0,0,0,3,0,105,24.48,44,89,24.4,44,89,24.31,44,104,24.22,44,103,24.12,44,102,24.03,44,102,23.94,44
2025-09-05,99,MUMH1,0,0,90,30,20400,187,199,177,193.29,105,24.48,48.96,44,1.64,79,0.0,0,0,4,0,89,24.4,44,89,24.31,44,104,24.22,44,103,24.12,44,102,24.03,44,102,23.94,44,101,23.85,44
2025-09-06,100,MUMH1,0,0,90,30,20400,168,187,174,193.0,89,24.4,48.78,44,1.63,69,0.0,0,0,5,1,89,24.31,44,104,24.22,44,103,24.12,44,102,24.03,44,102,23.94,44,101,23.85,44,86,23.76,44
2025-09-07,101,MUMH1,0,0,90,30,20400,171,168,176,192.86,89,24.31,48.61,44,1.62,69,0.0,0,0,6,1,104,24.22,44,103,24.12,44,102,24.03,44,102,23.94,44,101,23.85,44,86,23.76,44,85,23.68,44
2025-09-08,102,MUMH1,0,0,90,30,20400,195,171,203,193.0,104,24.22,48.45,44,1.61,79,0.0,0,0,0,0,103,24.12,44,102,24.03,44,102,23.94,44,101,23.85,44,86,23.76,44,85,23.68,44,100,23.61,44
2025-09-09,103,MUMH1,0,0,90,30,20400,190,195,187,189.93,103,24.12,48.28,44,1.6,79,0.0,0,0,1,0,102,24.03,44,102,23.94,44,101,23.85,44,86,23.76,44,85,23.68,44,100,23.61,44,99,23.55,44
2025-09-10,104,MUMH1,0,0,90,30,20400,185,190,183,188.43,102,24.03,48.12,44,1.59,79,0.0,0,0,2,0,102,23.94,44,101,23.85,44,86,23.76,44,85,23.68,44,100,23.61,44,99,23.55,44,99,23.5,44
2025-09-11,105,MUMH1,0,0,90,30,20400,183,185,199,184.14,102,23.94,47.97,44,1.59,79,0.0,0,0,3,0,101,23.85,44,86,23.76,44,85,23.68,44,100,23.61,44,99,23.55,44,99,23.5,44,98,23.46,44
2025-09-12,106,MUMH1,0,0,90,30,20400,188,183,187,184.93,101,23.85,47.82,44,1.58,79,0.0,0,0,4,0,86,23.76,44,85,23.68,44,100,23.61,44,99,23.55,44,99,23.5,44,98,23.46,44,98,23.44,44
2025-09-13,107,MUMH1,0,0,90,30,20400,169,188,168,184.57,86,23.76,47.67,44,1.57,69,0.0,0,0,5,1,85,23.68,44,100,23.61,44,99,23.55,44,99,23.5,44,98,23.46,44,98,23.44,44,83,23.42,44
2025-09-14,108,MUMH1,0,0,90,30,20400,181,169,171,184.93,85,23.68,47.52,44,1.56,69,0.0,0,0,6,1,100,23.61,44,99,23.55,44,99,23.5,44,98,23.46,44,98,23.44,44,83,23.42,44,82,23.43,44
2025-09-15,109,MUMH1,0,0,90,30,20400,194,181,195,184.29,100,23.61,47.38,44,1.55,79,0.0,0,0,0,0,99,23.55,44,99,23.5,44,98,23.46,44,98,23.44,44,83,23.42,44,82,23.43,44,97,23.44,44
2025-09-16,110,MUMH1,0,0,90,30,20400,195,194,190,184.86,99,23.55,47.24,44,1.55,79,0.0,0,0,1,0,99,23.5,44,98,23.46,44,98,23.44,44,83,23.42,44,82,23.43,44,97,23.44,44,97,23.47,44
2025-09-17,111,MUMH1,0,0,90,30,20400,183,195,185,184.86,99,23.5,47.11,44,1.54,79,0.0,0,0,2,0,98,23.46,44,98,23.44,44,83,23.42,44,82,23.43,44,97,23.44,44,97,23.47,44,97,23.52,44
2025-09-18,112,MUMH1,0,0,90,30,20400,185,183,183,183.86,98,23.46,46.98,44,1.54,79,0.0,0,0,3,0,98,23.44,44,83,23.42,44,82,23.43,44,97,23.44,44,97,23.47,44,97,23.52,44,97,23.58,44
2025-09-19,113,MUMH1,0,0,90,30,20400,185,185,188,183.71,98,23.44,46.85,44,1.53,79,0.0,0,0,4,0,83,23.42,44,82,23.43,44,97,23.44,44,97,23.47,44,97,23.52,44,97,23.58,44,97,23.65,44
2025-09-20,114,MUMH1,0,0,90,30,20400,169,185,169,183.79,83,23.42,46.73,44,1.53,69,0.0,0,0,5,1,82,23.43,44,97,23.44,44,97,23.47,44,97,23.52,44,97,23.58,44,97,23.65,44,82,23.74,44
2025-09-21,115,MUMH1,0,0,90,30,20400,174,169,181,184.0,82,23.43,46.61,44,1.52,69,0.0,0,0,6,1,97,23.44,44,97,23.47,44,97,23.52,44,97,23.58,44,97,23.65,44,82,23.74,44,82,23.84,44
2025-09-22,116,MUMH1,0,0,90,30,20400,201,174,194,184.43,97,23.44,46.5,44,1.52,79,0.0,0,0,0,0,97,23.47,44,97,23.52,44,97,23.58,44,97,23.65,44,82,23.74,44,82,23.84,44,97,23.94,44
2025-09-23,117,MUMH1,0,0,90,30,20400,193,201,195,184.64,97,23.47,46.39,44,1.51,79,0.0,0,0,1,0,97,23.52,44,97,23.58,44,97,23.65,44,82,23.74,44,82,23.84,44,97,23.94,44,97,24.06,44
2025-09-24,118,MUMH1,0,0,90,30,20400,184,193,183,184.57,97,23.52,46.28,44,1.51,79,0.0,0,0,2,0,97,23.58,44,97,23.65,44,82,23.74,44,82,23.84,44,97,23.94,44,97,24.06,44,97,24.19,6
2025-09-25,119,MUMH1,0,0,90,30,20400,281,184,185,191.57,97,23.58,46.18,44,1.51,79,0.4,0,0,3,0,97,23.65,44,82,23.74,44,82,23.84,44,97,23.94,44,97,24.06,44,97,24.19,6,98,24.32,6
2025-09-26,120,MUMH1,0,0,90,30,20400,185,281,185,191.36,97,23.65,46.08,44,1.51,79,0.0,0,0,4,0,82,23.74,44,82,23.84,44,97,23.94,44,97,24.06,44,97,24.19,6,98,24.32,6,98,24.46,6
2025-09-27,121,MUMH1,0,0,90,30,20400,170,185,169,191.43,82,23.74,45.99,44,1.5,69,0.0,0,0,5,1,82,23.84,44,97,23.94,44,97,24.06,44,97,24.19,6,98,24.32,6,98,24.46,6,83,24.6,6
2025-09-28,122,MUMH1,0,0,90,30,20400,173,170,174,190.86,82,23.84,45.9,44,1.5,69,0.0,0,0,6,1,97,23.94,44,97,24.06,44,97,24.19,6,98,24.32,6,98,24.46,6,83,24.6,6,84,24.74,6
2025-09-29,123,MUMH1,0,0,90,30,20400,198,173,201,191.14,97,23.94,45.81,44,1.5,79,0.0,0,0,0,0,97,24.06,44,97,24.19,6,98,24.32,6,98,24.46,6,83,24.6,6,84,24.74,6,99,24.88,6
2025-09-30,124,MUMH1,0,0,90,30,20400,203,198,193,191.71,97,24.06,45.73,44,1.5,79,0.0,0,0,1,0,97,24.19,6,98,24.32,6,98,24.46,6,83,24.6,6,84,24.74,6,99,24.88,6,100,25.01,6
2025-10-01,125,MUMH1,0,0,90,30,20400,173,203,184,191.0,97,24.19,45.65,6,1.5,79,0.0,0,0,2,0,98,24.32,6,98,24.46,6,83,24.6,6,84,24.74,6,99,24.88,6,100,25.01,6,100,25.15,6
2025-10-02,126,MUMH1,0,0,90,30,20400,171,173,281,190.0,98,24.32,45.58,6,1.5,79,0.0,0,0,3,0,98,24.46,6,83,24.6,6,84,24.74,6,99,24.88,6,100,25.01,6,100,25.15,6,101,25.28,6
2025-10-03,127,MUMH1,0,0,90,30,20400,174,171,185,189.21,98,24.46,45.51,6,1.5,79,0.0,0,0,4,0,83,24.6,6,84,24.74,6,99,24.88,6,100,25.01,6,100,25.15,6,101,25.28,6,101,25.4,6
2025-10-04,128,MUMH1,0,0,90,30,20400,161,174,170,188.64,83,24.6,45.44,6,1.5,69,0.0,0,0,5,1,84,24.74,6,99,24.88,6,100,25.01,6,100,25.15,6,101,25.28,6,101,25.4,6,86,25.51,6
2025-10-05,129,MUMH1,0,0,90,30,20400,159,161,173,187.57,84,24.74,45.38,6,1.5,69,0.0,0,0,6,1,99,24.88,6,100,25.01,6,100,25.15,6,101,25.28,6,101,25.4,6,86,25.51,6,87,25.61,6
2025-10-06,130,MUMH1,0,0,90,30,20400,183,159,198,186.29,99,24.88,45.33,6,1.51,79,0.0,0,0,0,0,100,25.01,6,100,25.15,6,101,25.28,6,101,25.4,6,86,25.51,6,87,25.61,6,102,25.7,6
2025-10-07,131,MUMH1,0,0,90,30,20400,184,183,203,185.64,100,25.01,45.28,6,1.51,79,0.0,0,0,1,0,100,25.15,6,101,25.28,6,101,25.4,6,86,25.51,6,87,25.61,6,102,25.7,6,103,25.78,6
2025-10-08,132,MUMH1,0,0,90,30,20400,171,184,173,184.71,100,25.15,45.23,6,1.51,79,0.0,0,0,2,0,101,25.28,6,101,25.4,6,86,25.51,6,87,25.61,6,102,25.7,6,103,25.78,6,103,25.85,6
2025-10-09,133,MUMH1,0,0,90,30,20400,170,171,171,176.79,101,25.28,45.19,6,1.52,79,0.0,0,0,3,0,101,25.4,6,86,25.51,6,87,25.61,6,102,25.7,6,103,25.78,6,103,25.85,6,103,25.91,6
2025-10-10,134,MUMH1,0,0,90,30,20400,174,170,174,176.0,101,25.4,45.15,6,1.52,79,0.0,0,0,4,0,86,25.51,6,87,25.61,6,102,25.7,6,103,25.78,6,103,25.85,6,103,25.91,6,104,25.95,6
2025-10-11,135,MUMH1,0,0,90,30,20400,157,174,161,175.07,86,25.51,45.11,6,1.52,69,0.0,0,0,5,1,87,25.61,6,102,25.7,6,103,25.78,6,103,25.85,6,103,25.91,6,104,25.95,6,89,25.98,6
2025-10-12,136,MUMH1,0,0,90,30,20400,156,157,159,173.86,87,25.61,45.08,6,1.53,69,0.0,0,0,6,1,102,25.7,6,103,25.78,6,103,25.85,6,103,25.91,6,104,25.95,6,89,25.98,6,89,26.0,6
2025-10-13,137,MUMH1,0,0,90,30,20400,183,156,183,172.79,102,25.7,45.06,6,1.53,79,0.0,0,0,0,0,103,25.78,6,103,25.85,6,103,25.91,6,104,25.95,6,89,25.98,6,89,26.0,6,104,26.01,6
2025-10-14,138,MUMH1,0,0,90,30,20400,184,183,184,171.43,103,25.78,45.04,6,1.54,79,0.0,0,0,1,0,103,25.85,6,103,25.91,6,104,25.95,6,89,25.98,6,89,26.0,6,104,26.01,6,104,26.0,6
2025-10-15,139,MUMH1,0,0,90,30,20400,174,184,171,171.5,103,25.85,45.02,6,1.54,79,0.0,0,0,2,0,103,25.91,6,104,25.95,6,89,25.98,6,89,26.0,6,104,26.01,6,104,26.0,6,104,25.99,6
2025-10-16,140,MUMH1,0,0,90,30,20400,174,174,170,171.71,103,25.91,45.01,6,1.55,79,0.0,0,0,3,0,104,25.95,6,89,25.98,6,89,26.0,6,104,26.01,6,104,26.0,6,104,25.99,6,104,25.96,6
2025-10-17,141,MUMH1,0,0,90,30,20400,167,174,174,171.21,104,25.95,45.0,6,1.56,79,0.0,0,0,4,0,89,25.98,6,89,26.0,6,104,26.01,6,104,26.0,6,104,25.99,6,104,25.96,6,104,25.93,6
2025-10-18,142,MUMH1,0,0,90,30,20400,163,167,157,171.36,89,25.98,45.0,6,1.57,69,0.0,0,0,5,1,89,26.0,6,104,26.01,6,104,26.0,6,104,25.99,6,104,25.96,6,104,25.93,6,89,25.89,6
2025-10-19,143,MUMH1,0,0,90,30,20400,165,163,156,171.79,89,26.0,45.0,6,1.57,69,0.0,0,0,6,1,104,26.01,6,104,26.0,6,104,25.99,6,104,25.96,6,104,25.93,6,89,25.89,6,89,25.85,6
2025-10-20,144,MUMH1,0,0,90,30,20400,186,165,183,172.0,104,26.01,45.01,6,1.58,79,0.0,0,0,0,0,104,26.0,6,104,25.99,6,104,25.96,6,104,25.93,6,89,25.89,6,89,25.85,6,104,25.81,6
2025-10-21,145,MUMH1,0,0,90,30,20400,186,186,184,172.14,104,26.0,45.02,6,1.59,79,0.0,0,0,1,0,104,25.99,6,104,25.96,6,104,25.93,6,89,25.89,6,89,25.85,6,104,25.81,6,104,25.76,6
2025-10-22,146,MUMH1,0,0,90,30,20400,174,186,174,172.36,104,25.99,45.03,6,1.6,79,0.0,0,0,2,0,104,25.96,6,104,25.93,6,89,25.89,6,89,25.85,6,104,25.81,6,104,25.76,6,104,25.71,6
2025-10-23,147,MUMH1,0,0,90,30,20400,174,174,174,172.64,104,25.96,45.05,6,1.61,79,0.0,0,0,3,0,104,25.93,6,89,25.89,6,89,25.85,6,104,25.81,6,104,25.76,6,104,25.71,6,104,25.67,6
2025-10-24,148,MUMH1,0,0,90,30,20400,173,174,167,172.57,104,25.93,45.08,6,1.62,79,0.0,0,0,4,0,89,25.89,6,89,25.85,6,104,25.81,6,104,25.76,6,104,25.71,6,104,25.67,6,104,25.63,6
2025-10-25,149,MUMH1,0,0,90,30,20400,162,173,163,172.93,89,25.89,45.1,6,1.63,69,0.0,0,0,5,1,89,25.85,6,104,25.81,6,104,25.76,6,104,25.71,6,104,25.67,6,104,25.63,6,88,25.59,6
2025-10-26,150,MUMH1,0,0,90,30,20400,158,162,165,173.07,89,25.85,45.14,6,1.64,69,0.0,0,0,6,1,104,25.81,6,104,25.76,6,104,25.71,6,104,25.67,6,104,25.63,6,88,25.59,6,88,25.56,6
2025-10-27,151,MUMH1,0,0,90,30,20400,188,158,186,173.43,104,25.81,45.17,6,1.65,79,0.0,0,0,0,0,104,25.76,6,104,25.71,6,104,25.67,6,104,25.63,6,88,25.59,6,88,25.56,6,103,25.54,6
2025-10-28,152,MUMH1,0,0,90,30,20400,181,188,186,173.21,104,25.76,45.21,6,1.66,79,0.0,0,0,1,0,104,25.71,6,104,25.67,6,104,25.63,6,88,25.59,6,88,25.56,6,103,25.54,6,103,25.53,6
2025-10-29,153,MUMH1,0,0,90,30,20400,176,181,174,173.36,104,25.71,45.26,6,1.67,79,0.0,0,0,2,0,104,25.67,6,104,25.63,6,88,25.59,6,88,25.56,6,103,25.54,6,103,25.53,6,103,25.53,6
2025-10-30,154,MUMH1,0,0,90,30,20400,177,176,174,173.57,104,25.67,45.31,6,1.69,79,0.0,0,0,3,0,104,25.63,6,88,25.59,6,88,25.56,6,103,25.54,6,103,25.53,6,103,25.53,6,103,25.54,6
2025-10-31,155,MUMH1,0,0,90,30,20400,176,177,173,174.21,104,25.63,45.36,6,1.7,79,0.0,0,0,4,0,88,25.59,6,88,25.56,6,103,25.54,6,103,25.53,6,103,25.53,6,103,25.54,6,103,25.57,6
2025-11-01,156,MUMH1,0,0,90,30,20400,245,176,162,180.07,88,25.59,45.42,6,1.71,69,0.4,0,0,5,1,88,25.56,6,103,25.54,6,103,25.53,6,103,25.53,6,103,25.54,6,103,25.57,6,88,25.61,5
2025-11-02,157,MUMH1,0,0,90,30,20400,166,245,158,180.14,88,25.56,45.49,6,1.73,69,0.0,0,0,6,1,103,25.54,6,103,25.53,6,103,25.53,6,103,25.54,6,103,25.57,6,88,25.61,5,88,25.66,5
2025-11-03,158,MUMH1,0,0,90,30,20400,183,166,188,179.93,103,25.54,45.55,6,1.74,79,0.0,0,0,0,0,103,25.53,6,103,25.53,6,103,25.54,6,103,25.57,6,88,25.61,5,88,25.66,5,104,25.73,5
2025-11-04,159,MUMH1,0,0,90,30,20400,178,183,181,179.36,103,25.53,45.62,6,1.75,79,0.0,0,0,1,0,103,25.53,6,103,25.54,6,103,25.57,6,88,25.61,5,88,25.66,5,104,25.73,5,104,25.81,5
2025-11-05,160,MUMH1,0,0,90,30,20400,168,178,176,178.93,103,25.53,45.7,6,1.77,79,0.0,0,0,2,0,103,25.54,6,103,25.57,6,88,25.61,5,88,25.66,5,104,25.73,5,104,25.81,5,104,25.9,5
2025-11-06,161,MUMH1,0,0,90,30,20400,174,168,177,178.93,103,25.54,45.78,6,1.78,79,0.0,0,0,3,0,103,25.57,6,88,25.61,5,88,25.66,5,104,25.73,5,104,25.81,5,104,25.9,5,104,26.01,5
2025-11-07,162,MUMH1,0,0,90,30,20400,174,174,176,179.0,103,25.57,45.86,6,1.8,79,0.0,0,0,4,0,88,25.61,5,88,25.66,5,104,25.73,5,104,25.81,5,104,25.9,5,104,26.01,5,105,26.13,5
2025-11-08,163,MUMH1,0,0,90,30,20400,154,174,245,178.43,88,25.61,45.95,5,1.81,69,0.0,0,0,5,1,88,25.66,5,104,25.73,5,104,25.81,5,104,25.9,5,104,26.01,5,105,26.13,5,90,26.26,5
2025-11-09,164,MUMH1,0,0,90,30,20400,159,154,166,178.5,88,25.66,46.05,5,1.83,69,0.0,0,0,6,1,104,25.73,5,104,25.81,5,104,25.9,5,104,26.01,5,105,26.13,5,90,26.26,5,91,26.4,5
2025-11-10,165,MUMH1,0,0,90,30,20400,185,159,183,178.29,104,25.73,46.14,5,1.85,79,0.0,0,0,0,0,104,25.81,5,104,25.9,5,104,26.01,5,105,26.13,5,90,26.26,5,91,26.4,5,106,26.55,5
2025-11-11,166,MUMH1,0,0,90,30,20400,184,185,178,178.5,104,25.81,46.24,5,1.86,79,0.0,0,0,1,0,104,25.9,5,104,26.01,5,105,26.13,5,90,26.26,5,91,26.4,5,106,26.55,5,107,26.71,5
2025-11-12,167,MUMH1,0,0,90,30,20400,174,184,168,178.36,104,25.9,46.35,5,1.88,79,0.0,0,0,2,0,104,26.01,5,105,26.13,5,90,26.26,5,91,26.4,5,106,26.55,5,107,26.71,5,108,26.87,5
2025-11-13,168,MUMH1,0,0,90,30,20400,171,174,174,177.93,104,26.01,46.46,5,1.9,79,0.0,0,0,3,0,105,26.13,5,90,26.26,5,91,26.4,5,106,26.55,5,107,26.71,5,108,26.87,5,108,27.04,5
2025-11-14,169,MUMH1,0,0,90,30,20400,174,171,174,177.79,105,26.13,46.57,5,1.91,79,0.0,0,0,4,0,90,26.26,5,91,26.4,5,106,26.55,5,107,26.71,5,108,26.87,5,108,27.04,5,109,27.21,5
2025-11-15,170,MUMH1,0,0,90,30,20400,161,174,154,171.79,90,26.26,46.69,5,1.93,69,0.0,0,0,5,1,91,26.4,5,106,26.55,5,107,26.71,5,108,26.87,5,108,27.04,5,109,27.21,5,95,27.38,5
2025-11-16,171,MUMH1,0,0,90,30,20400,161,161,159,171.43,91,26.4,46.81,5,1.95,69,0.0,0,0,6,1,106,26.55,5,107,26.71,5,108,26.87,5,108,27.04,5,109,27.21,5,95,27.38,5,96,27.55,5
2025-11-17,172,MUMH1,0,0,90,30,20400,187,161,185,171.71,106,26.55,46.93,5,1.97,79,0.0,0,0,0,0,107,26.71,5,108,26.87,5,108,27.04,5,109,27.21,5,95,27.38,5,96,27.55,5,112,27.72,4
2025-11-18,173,MUMH1,0,0,90,30,20400,181,187,184,171.93,107,26.71,47.06,5,1.99,79,0.0,0,0,1,0,108,26.87,5,108,27.04,5,109,27.21,5,95,27.38,5,96,27.55,5,112,27.72,4,112,27.88,4
2025-11-19,174,MUMH1,0,0,90,30,20400,168,181,174,171.93,108,26.87,47.19,5,2.01,79,0.0,0,0,2,0,108,27.04,5,109,27.21,5,95,27.38,5,96,27.55,5,112,27.72,4,112,27.88,4,113,28.04,4
2025-11-20,175,MUMH1,0,0,90,30,20400,177,168,171,172.14,108,27.04,47.33,5,2.03,79,0.0,0,0,3,0,109,27.21,5,95,27.38,5,96,27.55,5,112,27.72,4,112,27.88,4,113,28.04,4,114,28.19,4
2025-11-21,176,MUMH1,0,0,90,30,20400,176,177,174,172.29,109,27.21,47.47,5,2.05,79,0.0,0,0,4,0,95,27.38,5,96,27.55,5,112,27.72,4,112,27.88,4,113,28.04,4,114,28.19,4,115,28.33,4
2025-11-22,177,MUMH1,0,0,90,30,20400,167,176,161,173.21,95,27.38,47.62,5,2.07,69,0.0,0,0,5,1,96,27.55,5,112,27.72,4,112,27.88,4,113,28.04,4,114,28.19,4,115,28.33,4,101,28.46,4
2025-11-23,178,MUMH1,0,0,90,30,20400,162,167,161,173.43,96,27.55,47.76,5,2.09,69,0.0,0,0,6,1,112,27.72,4,112,27.88,4,113,28.04,4,114,28.19,4,115,28.33,4,101,28.46,4,101,28.58,4
2025-11-24,179,MUMH1,0,0,90,30,20400,186,162,187,173.5,112,27.72,47.91,4,2.11,79,0.0,0,0,0,0,112,27.88,4,113,28.04,4,114,28.19,4,115,28.33,4,101,28.46,4,101,28.58,4,117,28.69,4
2025-11-25,180,MUMH1,0,0,90,30,20400,187,186,181,173.71,112,27.88,48.07,4,2.13,79,0.0,0,0,1,0,113,28.04,4,114,28.19,4,115,28.33,4,101,28.46,4,101,28.58,4,117,28.69,4,118,28.79,4
2025-11-26,181,MUMH1,0,0,90,30,20400,175,187,168,173.79,113,28.04,48.23,4,2.15,79,0.0,0,0,2,0,114,28.19,4,115,28.33,4,101,28.46,4,101,28.58,4,117,28.69,4,118,28.79,4,118,28.87,4
2025-11-27,182,MUMH1,0,0,90,30,20400,175,175,177,174.07,114,28.19,48.39,4,2.17,79,0.0,0,0,3,0,115,28.33,4,101,28.46,4,101,28.58,4,117,28.69,4,118,28.79,4,118,28.87,4,119,28.94,4
2025-05-29,0,MUMH2,0,1,110,40,20400,199,199,199,199.0,149,28.95,71.53,4,3.82,79,0.0,0,0,3,0,148,28.82,4,133,28.67,4,132,28.52,42,146,28.36,42,145,28.19,42,145,28.02,42,144,27.85,42
2025-05-30,1,MUMH2,0,1,110,40,20400,198,199,199,198.5,148,28.82,71.36,4,3.8,79,0.0,0,0,4,0,133,28.67,4,132,28.52,42,146,28.36,42,145,28.19,42,145,28.02,42,144,27.85,42,143,27.68,42
2025-05-31,2,MUMH2,0,1,110,40,20400,186,198,199,194.33,133,28.67,71.19,4,3.77,69,0.0,0,0,5,1,132,28.52,42,146,28.36,42,145,28.19,42,145,28.02,42,144,27.85,42,143,27.68,42,127,27.51,42
2025-06-01,3,MUMH2,0,1,110,40,20400,185,186,199,192.0,132,28.52,71.02,42,3.75,69,0.0,0,0,6,1,146,28.36,42,145,28.19,42,145,28.02,42,144,27.85,42,143,27.68,42,127,27.51,42,126,27.34,41
2025-06-02,4,MUMH2,0,1,110,40,20400,214,185,199,196.4,146,28.36,70.84,42,3.73,79,0.0,0,0,0,0,145,28.19,42,145,28.02,42,144,27.85,42,143,27.68,42,127,27.51,42,126,27.34,41,140,27.17,41
2025-06-03,5,MUMH2,0,1,110,40,20400,211,214,199,198.83,145,28.19,70.66,42,3.71,79,0.0,0,0,1,0,145,28.02,42,144,27.85,42,143,27.68,42,127,27.51,42,126,27.34,41,140,27.17,41,140,27.02,41
2025-06-04,6,MUMH2,0,1,110,40,20400,207,211,199,200.0,145,28.02,70.48,42,3.68,79,0.0,0,0,2,0,144,27.85,42,143,27.68,42,127,27.51,42,126,27.34,41,140,27.17,41,140,27.02,41,139,26.87,41
2025-06-05,7,MUMH2,0,1,110,40,20400,212,207,199,201.5,144,27.85,70.29,42,3.66,79,0.0,0,0,3,0,143,27.68,42,127,27.51,42,126,27.34,41,140,27.17,41,140,27.02,41,139,26.87,41,138,26.73,41
2025-06-06,8,MUMH2,0,1,110,40,20400,297,212,198,212.11,143,27.68,70.1,42,3.64,79,0.4,0,0,4,0,127,27.51,42,126,27.34,41,140,27.17,41,140,27.02,41,139,26.87,41,138,26.73,41,137,26.6,41
2025-06-07,9,MUMH2,0,1,110,40,20400,191,297,186,210.0,127,27.51,69.91,42,3.61,69,0.0,0,0,5,1,126,27.34,41,140,27.17,41,140,27.02,41,139,26.87,41,138,26.73,41,137,26.6,41,121,26.48,41
2025-06-08,10,MUMH2,0,1,110,40,20400,194,191,185,208.55,126,27.34,69.72,41,3.59,69,0.0,0,0,6,1,140,27.17,41,140,27.02,41,139,26.87,41,138,26.73,41,137,26.6,41,121,26.48,41,121,26.38,41
2025-06-09,11,MUMH2,0,1,110,40,20400,217,194,214,209.25,140,27.17,69.52,41,3.57,79,0.0,0,0,0,0,140,27.02,41,139,26.87,41,138,26.73,41,137,26.6,41,121,26.48,41,121,26.38,41,135,26.29,41
2025-06-10,12,MUMH2,0,1,110,40,20400,216,217,211,209.77,140,27.02,69.32,41,3.54,79,0.0,0,0,1,0,139,26.87,41,138,26.73,41,137,26.6,41,121,26.48,41,121,26.38,41,135,26.29,41,134,26.21,41
2025-06-11,13,MUMH2,0,1,110,40,20400,204,216,207,209.36,139,26.87,69.11,41,3.52,79,0.0,0,0,2,0,138,26.73,41,137,26.6,41,121,26.48,41,121,26.38,41,135,26.29,41,134,26.21,41,134,26.15,41
2025-06-12,14,MUMH2,0,1,110,40,20400,199,204,212,209.36,138,26.73,68.91,41,3.49,79,0.0,0,0,3,0,137,26.6,41,121,26.48,41,121,26.38,41,135,26.29,41,134,26.21,41,134,26.15,41,133,26.1,41
2025-06-13,15,MUMH2,0,1,110,40,20400,177,199,297,207.86,137,26.6,68.7,41,3.47,79,0.0,0,1,4,0,121,26.48,41,121,26.38,41,135,26.29,41,134,26.21,41,134,26.15,41,133,26.1,41,132,26.06,40
2025-06-14,16,MUMH2,0,1,110,40,20400,186,177,191,207.86,121,26.48,68.49,41,3.45,69,0.0,0,0,5,1,121,26.38,41,135,26.29,41,134,26.21,41,134,26.15,41,133,26.1,41,132,26.06,40,117,26.03,40
2025-06-15,17,MUMH2,0,1,110,40,20400,186,186,194,207.93,121,26.38,68.27,41,3.42,69,0.0,0,0,6,1,135,26.29,41,134,26.21,41,134,26.15,41,133,26.1,41,132,26.06,40,117,26.03,40,116,26.02,40
2025-06-16,18,MUMH2,0,1,110,40,20400,210,186,217,207.64,135,26.29,68.05,41,3.4,79,0.0,0,0,0,0,134,26.21,41,134,26.15,41,133,26.1,41,132,26.06,40,117,26.03,40,116,26.02,40,131,26.02,40
2025-06-17,19,MUMH2,0,1,110,40,20400,213,210,216,207.79,134,26.21,67.84,41,3.37,79,0.0,0,0,1,0,134,26.15,41,133,26.1,41,132,26.06,40,117,26.03,40,116,26.02,40,131,26.02,40,131,26.03,40
2025-06-18,20,MUMH2,0,1,110,40,20400,206,213,204,207.71,134,26.15,67.61,41,3.35,79,0.0,0,0,2,0,133,26.1,41,132,26.06,40,117,26.03,40,116,26.02,40,131,26.02,40,131,26.03,40,130,26.05,40
2025-06-19,21,MUMH2,0,1,110,40,20400,206,206,199,207.29,133,26.1,67.39,41,3.32,79,0.0,0,0,3,0,132,26.06,40,117,26.03,40,116,26.02,40,131,26.02,40,131,26.03,40,130,26.05,40,130,26.08,40
2025-06-20,22,MUMH2,0,1,110,40,20400,204,206,177,200.64,132,26.06,67.16,40,3.3,79,0.0,0,0,4,0,117,26.03,40,116,26.02,40,131,26.02,40,131,26.03,40,130,26.05,40,130,26.08,40,210,26.11,40
2025-06-21,23,MUMH2,0,1,110,40,20400,188,204,186,200.43,117,26.03,66.94,40,3.27,69,0.0,0,0,5,1,116,26.02,40,131,26.02,40,131,26.03,40,130,26.05,40,130,26.08,40,210,26.11,40,195,26.15,40
2025-06-22,24,MUMH2,0,1,110,40,20400,188,188,186,200.0,116,26.02,66.71,40,3.24,69,0.0,0,0,6,1,131,26.02,40,131,26.03,40,130,26.05,40,130,26.08,40,210,26.11,40,195,26.15,40,195,26.19,40
2025-06-23,25,MUMH2,0,1,110,40,20400,210,188,210,199.5,131,26.02,66.47,40,3.22,79,0.0,0,0,0,0,131,26.03,40,130,26.05,40,130,26.08,40,210,26.11,40,195,26.15,40,195,26.19,40,129,26.24,40
2025-06-24,26,MUMH2,0,1,110,40,20400,209,210,213,199.0,131,26.03,66.24,40,3.19,79,0.0,0,0,1,0,130,26.05,40,130,26.08,40,210,26.11,40,195,26.15,40,195,26.19,40,129,26.24,40,129,26.28,40
2025-06-25,27,MUMH2,0,1,110,40,20400,195,209,206,198.36,130,26.05,66.01,40,3.17,79,0.0,0,0,2,0,130,26.08,40,210,26.11,40,195,26.15,40,195,26.19,40,129,26.24,40,129,26.28,40,129,26.32,40
2025-06-26,28,MUMH2,0,1,110,40,20400,192,195,206,197.86,130,26.08,65.77,40,3.14,79,0.0,0,0,3,0,210,26.11,40,195,26.15,40,195,26.19,40,129,26.24,40,129,26.28,40,129,26.32,40,129,26.35,40
2025-06-27,29,MUMH2,0,1,110,40,20400,252,192,204,203.21,210,26.11,65.53,40,3.12,54,0.0,1,0,4,0,195,26.15,40,195,26.19,40,129,26.24,40,129,26.28,40,129,26.32,40,129,26.35,40,129,26.38,40
2025-06-28,30,MUMH2,0,1,110,40,20400,219,252,188,205.57,195,26.15,65.29,40,3.09,44,0.0,1,0,5,1,195,26.19,40,129,26.24,40,129,26.28,40,129,26.32,40,129,26.35,40,129,26.38,40,114,26.41,40
2025-06-29,31,MUMH2,0,1,110,40,20400,260,219,188,210.86,195,26.19,65.05,40,3.06,44,0.0,1,0,6,1,129,26.24,40,129,26.28,40,129,26.32,40,129,26.35,40,129,26.38,40,114,26.41,40,114,26.42,40
2025-06-30,32,MUMH2,0,1,110,40,20400,210,260,210,210.86,129,26.24,64.8,40,3.04,79,0.0,0,0,0,0,129,26.28,40,129,26.32,40,129,26.35,40,129,26.38,40,114,26.41,40,114,26.42,40,128,26.43,40
2025-07-01,33,MUMH2,0,1,110,40,20400,210,210,209,210.64,129,26.28,64.56,40,3.01,79,0.0,0,0,1,0,129,26.32,40,129,26.35,40,129,26.38,40,114,26.41,40,114,26.42,40,128,26.43,40,128,26.42,40
2025-07-02,34,MUMH2,0,1,110,40,20400,202,210,195,210.36,129,26.32,64.31,40,2.99,79,0.0,0,0,2,0,129,26.35,40,129,26.38,40,114,26.41,40,114,26.42,40,128,26.43,40,128,26.42,40,128,26.4,40
2025-07-03,35,MUMH2,0,1,110,40,20400,200,202,192,209.93,129,26.35,64.06,40,2.96,79,0.0,0,0,3,0,129,26.38,40,114,26.41,40,114,26.42,40,128,26.43,40,128,26.42,40,128,26.4,40,128,26.38,40
2025-07-04,36,MUMH2,0,1,110,40,20400,200,200,252,209.64,129,26.38,63.81,40,2.94,79,0.0,0,0,4,0,114,26.41,40,114,26.42,40,128,26.43,40,128,26.42,40,128,26.4,40,128,26.38,40,127,26.33,40
2025-07-05,37,MUMH2,0,1,110,40,20400,195,200,219,210.14,114,26.41,63.56,40,2.91,69,0.0,0,0,5,1,114,26.42,40,128,26.43,40,128,26.42,40,128,26.4,40,128,26.38,40,127,26.33,40,112,26.28,40
2025-07-06,38,MUMH2,0,1,110,40,20400,190,195,260,210.29,114,26.42,63.31,40,2.88,69,0.0,0,0,6,1,128,26.43,40,128,26.42,40,128,26.4,40,128,26.38,40,127,26.33,40,112,26.28,40,112,26.21,40
2025-07-07,39,MUMH2,0,1,110,40,20400,213,190,210,210.5,128,26.43,63.06,40,2.86,79,0.0,0,0,0,0,128,26.42,40,128,26.4,40,128,26.38,40,127,26.33,40,112,26.28,40,112,26.21,40,126,26.13,41
2025-07-08,40,MUMH2,0,1,110,40,20400,211,213,210,210.64,128,26.42,62.81,40,2.83,79,0.0,0,0,1,0,128,26.4,40,128,26.38,40,127,26.33,40,112,26.28,40,112,26.21,40,126,26.13,41,126,26.04,41
2025-07-09,41,MUMH2,0,1,110,40,20400,191,211,202,210.36,128,26.4,62.55,40,2.81,79,0.0,0,0,2,0,128,26.38,40,127,26.33,40,112,26.28,40,112,26.21,40,126,26.13,41,126,26.04,41,125,25.94,41
2025-07-10,42,MUMH2,0,1,110,40,20400,200,191,200,210.93,128,26.38,62.3,40,2.78,79,0.0,0,0,3,0,127,26.33,40,112,26.28,40,112,26.21,40,126,26.13,41,126,26.04,41,125,25.94,41,124,25.83,41
2025-07-11,43,MUMH2,0,1,110,40,20400,195,200,200,206.86,127,26.33,62.04,40,2.76,79,0.0,0,0,4,0,112,26.28,40,112,26.21,40,126,26.13,41,126,26.04,41,125,25.94,41,124,25.83,41,124,25.71,41
2025-07-12,44,MUMH2,0,1,110,40,20400,185,195,195,204.43,112,26.28,61.78,40,2.73,69,0.0,0,0,5,1,112,26.21,40,126,26.13,41,126,26.04,41,125,25.94,41,124,25.83,41,124,25.71,41,108,25.57,41
2025-07-13,45,MUMH2,0,1,110,40,20400,279,185,190,205.79,112,26.21,61.53,40,2.7,69,0.4,0,0,6,1,126,26.13,41,126,26.04,41,125,25.94,41,124,25.83,41,124,25.71,41,108,25.57,41,107,25.44,41
2025-07-14,46,MUMH2,0,1,110,40,20400,207,279,213,205.57,126,26.13,61.27,41,2.68,79,0.0,0,0,0,0,126,26.04,41,125,25.94,41,124,25.83,41,124,25.71,41,108,25.57,41,107,25.44,41,122,25.29,41
2025-07-15,47,MUMH2,0,1,110,40,20400,212,207,211,205.71,126,26.04,61.01,41,2.65,79,0.0,0,0,1,0,125,25.94,41,124,25.83,41,124,25.71,41,108,25.57,41,107,25.44,41,122,25.29,41,121,25.15,41
2025-07-16,48,MUMH2,0,1,110,40,20400,199,212,191,205.5,125,25.94,60.76,41,2.63,79,0.0,0,0,2,0,124,25.83,41,124,25.71,41,108,25.57,41,107,25.44,41,122,25.29,41,121,25.15,41,120,25.0,41
2025-07-17,49,MUMH2,0,1,110,40,20400,199,199,200,205.43,124,25.83,60.5,41,2.6,79,0.0,0,0,3,0,124,25.71,41,108,25.57,41,107,25.44,41,122,25.29,41,121,25.15,41,120,25.0,41,119,24.85,41
2025-07-18,50,MUMH2,0,1,110,40,20400,198,199,195,205.29,124,25.71,60.24,41,2.58,79,0.0,0,0,4,0,108,25.57,41,107,25.44,41,122,25.29,41,121,25.15,41,120,25.0,41,119,24.85,41,118,24.71,41
2025-07-19,51,MUMH2,0,1,110,40,20400,183,198,185,204.43,108,25.57,59.98,41,2.55,69,0.0,0,0,5,1,107,25.44,41,122,25.29,41,121,25.15,41,120,25.0,41,119,24.85,41,118,24.71,41,102,24.56,42
2025-07-20,52,MUMH2,0,1,110,40,20400,183,183,279,203.93,107,25.44,59.72,41,2.53,69,0.0,0,0,6,1,122,25.29,41,121,25.15,41,120,25.0,41,119,24.85,41,118,24.71,41,102,24.56,42,102,24.43,42
2025-07-21,53,MUMH2,0,1,110,40,20400,209,183,207,203.64,122,25.29,59.46,41,2.51,79,0.0,0,0,0,0,121,25.15,41,120,25.0,41,119,24.85,41,118,24.71,41,102,24.56,42,102,24.43,42,116,24.3,42
2025-07-22,54,MUMH2,0,1,110,40,20400,212,209,212,203.71,121,25.15,59.21,41,2.48,79,0.0,0,0,1,0,120,25.0,41,119,24.85,41,118,24.71,41,102,24.56,42,102,24.43,42,116,24.3,42,115,24.17,42
2025-07-23,55,MUMH2,0,1,110,40,20400,196,212,199,204.07,120,25.0,58.95,41,2.46,79,0.0,0,0,2,0,119,24.85,41,118,24.71,41,102,24.56,42,102,24.43,42,116,24.3,42,115,24.17,42,114,24.06,42
2025-07-24,56,MUMH2,0,1,110,40,20400,188,196,199,203.21,119,24.85,58.69,41,2.43,79,0.0,0,0,3,0,118,24.71,41,102,24.56,42,102,24.43,42,116,24.3,42,115,24.17,42,114,24.06,42,113,23.96,42
2025-07-25,57,MUMH2,0,1,110,40,20400,194,188,198,203.14,118,24.71,58.43,41,2.41,79,0.0,0,0,4,0,102,24.56,42,102,24.43,42,116,24.3,42,115,24.17,42,114,24.06,42,113,23.96,42,112,23.87,42
2025-07-26,58,MUMH2,0,1,110,40,20400,175,194,183,202.43,102,24.56,58.18,42,2.39,69,0.0,0,0,5,1,102,24.43,42,116,24.3,42,115,24.17,42,114,24.06,42,113,23.96,42,112,23.87,42,97,23.79,42
2025-07-27,59,MUMH2,0,1,110,40,20400,186,175,183,195.79,102,24.43,57.92,42,2.36,69,0.0,0,0,6,1,116,24.3,42,115,24.17,42,114,24.06,42,113,23.96,42,112,23.87,42,97,23.79,42,96,23.73,42
2025-07-28,60,MUMH2,0,1,110,40,20400,175,186,209,193.5,116,24.3,57.67,42,2.34,79,0.0,0,1,0,0,115,24.17,42,114,24.06,42,113,23.96,42,112,23.87,42,97,23.79,42,96,23.73,42,110,23.68,42
2025-07-29,61,MUMH2,0,1,110,40,20400,200,175,212,192.64,115,24.17,57.41,42,2.32,79,0.0,0,0,1,0,114,24.06,42,113,23.96,42,112,23.87,42,97,23.79,42,96,23.73,42,110,23.68,42,110,23.65,42
2025-07-30,62,MUMH2,0,1,110,40,20400,206,200,196,193.14,114,24.06,57.16,42,2.29,79,0.0,0,0,2,0,113,23.96,42,112,23.87,42,97,23.79,42,96,23.73,42,110,23.68,42,110,23.65,42,109,23.63,42
2025-07-31,63,MUMH2,0,1,110,40,20400,199,206,188,193.14,113,23.96,56.91,42,2.27,79,0.0,0,0,3,0,112,23.87,42,97,23.79,42,96,23.73,42,110,23.68,42,110,23.65,42,109,23.63,42,109,23.62,42
2025-08-01,64,MUMH2,0,1,110,40,20400,191,199,194,192.64,112,23.87,56.65,42,2.25,79,0.0,0,0,4,0,97,23.79,42,96,23.73,42,110,23.68,42,110,23.65,42,109,23.63,42,109,23.62,42,108,23.63,43
2025-08-02,65,MUMH2,0,1,110,40,20400,175,191,175,192.07,97,23.79,56.4,42,2.23,69,0.0,0,0,5,1,96,23.73,42,110,23.68,42,110,23.65,42,109,23.63,42,109,23.62,42,108,23.63,43,93,23.65,43
2025-08-03,66,MUMH2,0,1,110,40,20400,179,175,186,191.79,96,23.73,56.15,42,2.2,69,0.0,0,0,6,1,110,23.68,42,110,23.65,42,109,23.63,42,109,23.62,42,108,23.63,43,93,23.65,43,93,23.69,43
2025-08-04,67,MUMH2,0,1,110,40,20400,204,179,175,191.43,110,23.68,55.9,42,2.18,79,0.0,0,0,0,0,110,23.65,42,109,23.63,42,109,23.62,42,108,23.63,43,93,23.65,43,93,23.69,43,108,23.73,43
2025-08-05,68,MUMH2,0,1,110,40,20400,203,204,200,190.79,110,23.65,55.65,42,2.16,79,0.0,0,0,1,0,109,23.63,42,109,23.62,42,108,23.63,43,93,23.65,43,93,23.69,43,108,23.73,43,107,23.79,43
2025-08-06,69,MUMH2,0,1,110,40,20400,194,203,206,190.64,109,23.63,55.41,42,2.14,79,0.0,0,0,2,0,109,23.62,42,108,23.63,43,93,23.65,43,93,23.69,43,108,23.73,43,107,23.79,43,107,23.85,43
2025-08-07,70,MUMH2,0,1,110,40,20400,193,194,199,191.0,109,23.62,55.16,42,2.12,79,0.0,0,0,3,0,108,23.63,43,93,23.65,43,93,23.69,43,108,23.73,43,107,23.79,43,107,23.85,43,107,23.93,43
2025-08-08,71,MUMH2,0,1,110,40,20400,194,193,191,191.0,108,23.63,54.92,43,2.1,79,0.0,0,0,4,0,93,23.65,43,93,23.69,43,108,23.73,43,107,23.79,43,107,23.85,43,107,23.93,43,107,24.01,43
2025-08-09,72,MUMH2,0,1,110,40,20400,179,194,175,191.29,93,23.65,54.68,43,2.08,69,0.0,0,0,5,1,93,23.69,43,108,23.73,43,107,23.79,43,107,23.85,43,107,23.93,43,107,24.01,43,92,24.09,43
2025-08-10,73,MUMH2,0,1,110,40,20400,183,179,179,191.07,93,23.69,54.44,43,2.06,69,0.0,0,0,6,1,108,23.73,43,107,23.79,43,107,23.85,43,107,23.93,43,107,24.01,43,92,24.09,43,92,24.17,43
2025-08-11,74,MUMH2,0,1,110,40,20400,210,183,204,193.57,108,23.73,54.2,43,2.04,79,0.0,0,0,0,0,107,23.79,43,107,23.85,43,107,23.93,43,107,24.01,43,92,24.09,43,92,24.17,43,107,24.26,43
2025-08-12,75,MUMH2,0,1,110,40,20400,208,210,203,194.14,107,23.79,53.96,43,2.02,79,0.0,0,0,1,0,107,23.85,43,107,23.93,43,107,24.01,43,92,24.09,43,92,24.17,43,107,24.26,43,107,24.34,43
2025-08-13,76,MUMH2,0,1,110,40,20400,191,208,194,193.07,107,23.85,53.73,43,2.0,79,0.0,0,0,2,0,107,23.93,43,107,24.01,43,92,24.09,43,92,24.17,43,107,24.26,43,107,24.34,43,107,24.42,43
2025-08-14,77,MUMH2,0,1,110,40,20400,201,191,193,193.21,107,23.93,53.49,43,1.98,79,0.0,0,0,3,0,107,24.01,43,92,24.09,43,92,24.17,43,107,24.26,43,107,24.34,43,107,24.42,43,107,24.5,43
2025-08-15,78,MUMH2,0,1,110,40,20400,194,201,194,193.43,107,24.01,53.26,43,1.96,79,0.0,0,0,4,0,92,24.09,43,92,24.17,43,107,24.26,43,107,24.34,43,107,24.42,43,107,24.5,43,107,24.57,43
2025-08-16,79,MUMH2,0,1,110,40,20400,177,194,179,193.57,92,24.09,53.03,43,1.94,69,0.0,0,0,5,1,92,24.17,43,107,24.26,43,107,24.34,43,107,24.42,43,107,24.5,43,107,24.57,43,92,24.64,43
2025-08-17,80,MUMH2,0,1,110,40,20400,192,177,183,194.5,92,24.17,52.8,43,1.92,69,0.0,0,0,6,1,107,24.26,43,107,24.34,43,107,24.42,43,107,24.5,43,107,24.57,43,92,24.64,43,92,24.69,43
2025-08-18,81,MUMH2,0,1,110,40,20400,208,192,210,194.79,107,24.26,52.58,43,1.91,79,0.0,0,0,0,0,107,24.34,43,107,24.42,43,107,24.5,43,107,24.57,43,92,24.64,43,92,24.69,43,107,24.74,44
2025-08-19,82,MUMH2,0,1,110,40,20400,401,208,208,208.93,107,24.34,52.35,43,1.89,79,1.0,0,0,1,0,107,24.42,43,107,24.5,43,107,24.57,43,92,24.64,43,92,24.69,43,107,24.74,44,187,24.77,44
2025-08-20,83,MUMH2,0,1,110,40,20400,194,401,191,208.93,107,24.42,52.13,43,1.87,79,0.0,0,0,2,0,107,24.5,43,107,24.57,43,92,24.64,43,92,24.69,43,107,24.74,44,187,24.77,44,187,24.8,44
2025-08-21,84,MUMH2,0,1,110,40,20400,201,194,201,209.5,107,24.5,51.91,43,1.85,79,0.0,0,0,3,0,107,24.57,43,92,24.64,43,92,24.69,43,107,24.74,44,187,24.77,44,187,24.8,44,187,24.81,44
2025-08-22,85,MUMH2,0,1,110,40,20400,196,201,194,209.64,107,24.57,51.7,43,1.84,79,0.0,0,0,4,0,92,24.64,43,92,24.69,43,107,24.74,44,187,24.77,44,187,24.8,44,187,24.81,44,107,24.81,44
2025-08-23,86,MUMH2,0,1,110,40,20400,178,196,177,209.57,92,24.64,51.48,43,1.82,69,0.0,0,0,5,1,92,24.69,43,107,24.74,44,187,24.77,44,187,24.8,44,187,24.81,44,107,24.81,44,92,24.79,44
2025-08-24,87,MUMH2,0,1,110,40,20400,178,178,192,209.21,92,24.69,51.27,43,1.81,69,0.0,0,0,6,1,107,24.74,44,187,24.77,44,187,24.8,44,187,24.81,44,107,24.81,44,92,24.79,44,92,24.77,44
2025-08-25,88,MUMH2,0,1,110,40,20400,208,178,208,209.07,107,24.74,51.06,44,1.79,79,0.0,0,0,0,0,187,24.77,44,187,24.8,44,187,24.81,44,107,24.81,44,92,24.79,44,92,24.77,44,106,24.73,44
2025-08-26,89,MUMH2,0,1,110,40,20400,227,208,401,210.43,187,24.77,50.86,44,1.78,54,0.0,1,0,1,0,187,24.8,44,187,24.81,44,107,24.81,44,92,24.79,44,92,24.77,44,106,24.73,44,106,24.68,44
2025-08-27,90,MUMH2,0,1,110,40,20400,244,227,194,214.21,187,24.8,50.65,44,1.76,54,0.0,1,0,2,0,187,24.81,44,107,24.81,44,92,24.79,44,92,24.77,44,106,24.73,44,106,24.68,44,106,24.63,44
2025-08-28,91,MUMH2,0,1,110,40,20400,251,244,201,217.79,187,24.81,50.45,44,1.75,54,0.0,1,0,3,0,107,24.81,44,92,24.79,44,92,24.77,44,106,24.73,44,106,24.68,44,106,24.63,44,105,24.56,44
2025-08-29,92,MUMH2,0,1,110,40,20400,196,251,196,217.93,107,24.81,50.26,44,1.73,79,0.0,0,0,4,0,92,24.79,44,92,24.77,44,106,24.73,44,106,24.68,44,106,24.63,44,105,24.56,44,105,24.48,44
2025-08-30,93,MUMH2,0,1,110,40,20400,182,196,178,218.29,92,24.79,50.06,44,1.72,69,0.0,0,0,5,1,92,24.77,44,106,24.73,44,106,24.68,44,106,24.63,44,105,24.56,44,105,24.48,44,89,24.4,44
2025-08-31,94,MUMH2,0,1,110,40,20400,183,182,178,217.64,92,24.77,49.87,44,1.71,69,0.0,0,0,6,1,106,24.73,44,106,24.68,44,106,24.63,44,105,24.56,44,105,24.48,44,89,24.4,44,89,24.31,44
2025-09-01,95,MUMH2,0,1,110,40,20400,204,183,208,217.36,106,24.73,49.68,44,1.69,79,0.0,0,0,0,0,106,24.68,44,106,24.63,44,105,24.56,44,105,24.48,44,89,24.4,44,89,24.31,44,104,24.22,44
2025-09-02,96,MUMH2,0,1,110,40,20400,210,204,227,203.71,106,24.68,49.49,44,1.68,79,0.0,0,0,1,0,106,24.63,44,105,24.56,44,105,24.48,44,89,24.4,44,89,24.31,44,104,24.22,44,103,24.12,44
2025-09-03,97,MUMH2,0,1,110,40,20400,193,210,244,203.64,106,24.63,49.31,44,1.67,79,0.0,0,0,2,0,105,24.56,44,105,24.48,44,89,24.4,44,89,24.31,44,104,24.22,44,103,24.12,44,102,24.03,44
2025-09-04,98,MUMH2,0,1,110,40,20400,190,193,251,202.86,105,24.56,49.13,44,1.66,79,0.0,0,0,3,0,105,24.48,44,89,24.4,44,89,24.31,44,104,24.22,44,103,24.12,44,102,24.03,44,102,23.94,44
2025-09-05,99,MUMH2,0,1,110,40,20400,197,190,196,202.93,105,24.48,48.96,44,1.64,79,0.0,0,0,4,0,89,24.4,44,89,24.31,44,104,24.22,44,103,24.12,44,102,24.03,44,102,23.94,44,101,23.85,44
2025-09-06,100,MUMH2,0,1,110,40,20400,186,197,182,203.5,89,24.4,48.78,44,1.63,69,0.0,0,0,5,1,89,24.31,44,104,24.22,44,103,24.12,44,102,24.03,44,102,23.94,44,101,23.85,44,86,23.76,44
2025-09-07,101,MUMH2,0,1,110,40,20400,190,186,183,204.36,89,24.31,48.61,44,1.62,69,0.0,0,0,6,1,104,24.22,44,103,24.12,44,102,24.03,44,102,23.94,44,101,23.85,44,86,23.76,44,85,23.68,44
2025-09-08,102,MUMH2,0,1,110,40,20400,201,190,204,203.86,104,24.22,48.45,44,1.61,79,0.0,0,0,0,0,103,24.12,44,102,24.03,44,102,23.94,44,101,23.85,44,86,23.76,44,85,23.68,44,100,23.61,44
2025-09-09,103,MUMH2,0,1,110,40,20400,199,201,210,201.86,103,24.12,48.28,44,1.6,79,0.0,0,0,1,0,102,24.03,44,102,23.94,44,101,23.85,44,86,23.76,44,85,23.68,44,100,23.61,44,99,23.55,44
2025-09-10,104,MUMH2,0,1,110,40,20400,188,199,193,197.86,102,24.03,48.12,44,1.59,79,0.0,0,0,2,0,102,23.94,44,101,23.85,44,86,23.76,44,85,23.68,44,100,23.61,44,99,23.55,44,99,23.5,44
2025-09-11,105,MUMH2,0,1,110,40,20400,182,188,190,192.93,102,23.94,47.97,44,1.59,79,0.0,0,0,3,0,101,23.85,44,86,23.76,44,85,23.68,44,100,23.61,44,99,23.55,44,99,23.5,44,98,23.46,44
2025-09-12,106,MUMH2,0,1,110,40,20400,194,182,197,192.79,101,23.85,47.82,44,1.58,79,0.0,0,0,4,0,86,23.76,44,85,23.68,44,100,23.61,44,99,23.55,44,99,23.5,44,98,23.46,44,98,23.44,44
2025-09-13,107,MUMH2,0,1,110,40,20400,176,194,186,192.36,86,23.76,47.67,44,1.57,69,0.0,0,0,5,1,85,23.68,44,100,23.61,44,99,23.55,44,99,23.5,44,98,23.46,44,98,23.44,44,83,23.42,44
2025-09-14,108,MUMH2,0,1,110,40,20400,188,176,190,192.71,85,23.68,47.52,44,1.56,69,0.0,0,0,6,1,100,23.61,44,99,23.55,44,99,23.5,44,98,23.46,44,98,23.44,44,83,23.42,44,82,23.43,44
2025-09-15,109,MUMH2,0,1,110,40,20400,197,188,201,192.21,100,23.61,47.38,44,1.55,79,0.0,0,0,0,0,99,23.55,44,99,23.5,44,98,23.46,44,98,23.44,44,83,23.42,44,82,23.43,44,97,23.44,44
2025-09-16,110,MUMH2,0,1,110,40,20400,211,197,199,192.29,99,23.55,47.24,44,1.55,79,0.0,0,0,1,0,99,23.5,44,98,23.46,44,98,23.44,44,83,23.42,44,82,23.43,44,97,23.44,44,97,23.47,44
2025-09-17,111,MUMH2,0,1,110,40,20400,193,211,188,192.29,99,23.5,47.11,44,1.54,79,0.0,0,0,2,0,98,23.46,44,98,23.44,44,83,23.42,44,82,23.43,44,97,23.44,44,97,23.47,44,97,23.52,44
2025-09-18,112,MUMH2,0,1,110,40,20400,192,193,182,192.43,98,23.46,46.98,44,1.54,79,0.0,0,0,3,0,98,23.44,44,83,23.42,44,82,23.43,44,97,23.44,44,97,23.47,44,97,23.52,44,97,23.58,44
2025-09-19,113,MUMH2,0,1,110,40,20400,192,192,194,192.07,98,23.44,46.85,44,1.53,79,0.0,0,0,4,0,83,23.42,44,82,23.43,44,97,23.44,44,97,23.47,44,97,23.52,44,97,23.58,44,97,23.65,44
2025-09-20,114,MUMH2,0,1,110,40,20400,177,192,176,191.43,83,23.42,46.73,44,1.53,69,0.0,0,0,5,1,82,23.43,44,97,23.44,44,97,23.47,44,97,23.52,44,97,23.58,44,97,23.65,44,82,23.74,44
2025-09-21,115,MUMH2,0,1,110,40,20400,184,177,188,191.0,82,23.43,46.61,44,1.52,69,0.0,0,0,6,1,97,23.44,44,97,23.47,44,97,23.52,44,97,23.58,44,97,23.65,44,82,23.74,44,82,23.84,44
2025-09-22,116,MUMH2,0,1,110,40,20400,201,184,197,191.0,97,23.44,46.5,44,1.52,79,0.0,0,0,0,0,97,23.47,44,97,23.52,44,97,23.58,44,97,23.65,44,82,23.74,44,82,23.84,44,97,23.94,44
2025-09-23,117,MUMH2,0,1,110,40,20400,201,201,211,191.14,97,23.47,46.39,44,1.51,79,0.0,0,0,1,0,97,23.52,44,97,23.58,44,97,23.65,44,82,23.74,44,82,23.84,44,97,23.94,44,97,24.06,44
2025-09-24,118,MUMH2,0,1,110,40,20400,187,201,193,191.07,97,23.52,46.28,44,1.51,79,0.0,0,0,2,0,97,23.58,44,97,23.65,44,82,23.74,44,82,23.84,44,97,23.94,44,97,24.06,44,97,24.19,6
2025-09-25,119,MUMH2,0,1,110,40,20400,316,187,192,200.64,97,23.58,46.18,44,1.51,79,0.4,0,0,3,0,97,23.65,44,82,23.74,44,82,23.84,44,97,23.94,44,97,24.06,44,97,24.19,6,98,24.32,6
2025-09-26,120,MUMH2,0,1,110,40,20400,196,316,192,200.79,97,23.65,46.08,44,1.51,79,0.0,0,0,4,0,82,23.74,44,82,23.84,44,97,23.94,44,97,24.06,44,97,24.19,6,98,24.32,6,98,24.46,6
2025-09-27,121,MUMH2,0,1,110,40,20400,179,196,177,201.0,82,23.74,45.99,44,1.5,69,0.0,0,0,5,1,82,23.84,44,97,23.94,44,97,24.06,44,97,24.19,6,98,24.32,6,98,24.46,6,83,24.6,6
2025-09-28,122,MUMH2,0,1,110,40,20400,169,179,184,199.64,82,23.84,45.9,44,1.5,69,0.0,0,0,6,1,97,23.94,44,97,24.06,44,97,24.19,6,98,24.32,6,98,24.46,6,83,24.6,6,84,24.74,6
2025-09-29,123,MUMH2,0,1,110,40,20400,200,169,201,199.86,97,23.94,45.81,44,1.5,79,0.0,0,0,0,0,97,24.06,44,97,24.19,6,98,24.32,6,98,24.46,6,83,24.6,6,84,24.74,6,99,24.88,6
2025-09-30,124,MUMH2,0,1,110,40,20400,201,200,201,199.14,97,24.06,45.73,44,1.5,79,0.0,0,0,1,0,97,24.19,6,98,24.32,6,98,24.46,6,83,24.6,6,84,24.74,6,99,24.88,6,100,25.01,6
2025-10-01,125,MUMH2,0,1,110,40,20400,187,201,187,198.71,97,24.19,45.65,6,1.5,79,0.0,0,0,2,0,98,24.32,6,98,24.46,6,83,24.6,6,84,24.74,6,99,24.88,6,100,25.01,6,100,25.15,6
2025-10-02,126,MUMH2,0,1,110,40,20400,180,187,316,197.86,98,24.32,45.58,6,1.5,79,0.0,0,0,3,0,98,24.46,6,83,24.6,6,84,24.74,6,99,24.88,6,100,25.01,6,100,25.15,6,101,25.28,6
2025-10-03,127,MUMH2,0,1,110,40,20400,181,180,196,197.07,98,24.46,45.51,6,1.5,79,0.0,0,0,4,0,83,24.6,6,84,24.74,6,99,24.88,6,100,25.01,6,100,25.15,6,101,25.28,6,101,25.4,6
2025-10-04,128,MUMH2,0,1,110,40,20400,166,181,179,196.29,83,24.6,45.44,6,1.5,69,0.0,0,0,5,1,84,24.74,6,99,24.88,6,100,25.01,6,100,25.15,6,101,25.28,6,101,25.4,6,86,25.51,6
2025-10-05,129,MUMH2,0,1,110,40,20400,175,166,169,195.64,84,24.74,45.38,6,1.5,69,0.0,0,0,6,1,99,24.88,6,100,25.01,6,100,25.15,6,101,25.28,6,101,25.4,6,86,25.51,6,87,25.61,6
2025-10-06,130,MUMH2,0,1,110,40,20400,189,175,200,194.79,99,24.88,45.33,6,1.51,79,0.0,0,0,0,0,100,25.01,6,100,25.15,6,101,25.28,6,101,25.4,6,86,25.51,6,87,25.61,6,102,25.7,6
2025-10-07,131,MUMH2,0,1,110,40,20400,194,189,201,194.29,100,25.01,45.28,6,1.51,79,0.0,0,0,1,0,100,25.15,6,101,25.28,6,101,25.4,6,86,25.51,6,87,25.61,6,102,25.7,6,103,25.78,6
2025-10-08,132,MUMH2,0,1,110,40,20400,186,194,187,194.21,100,25.15,45.23,6,1.51,79,0.0,0,0,2,0,101,25.28,6,101,25.4,6,86,25.51,6,87,25.61,6,102,25.7,6,103,25.78,6,103,25.85,6
2025-10-09,133,MUMH2,0,1,110,40,20400,184,186,180,184.79,101,25.28,45.19,6,1.52,79,0.0,0,0,3,0,101,25.4,6,86,25.51,6,87,25.61,6,102,25.7,6,103,25.78,6,103,25.85,6,103,25.91,6
2025-10-10,134,MUMH2,0,1,110,40,20400,183,184,181,183.86,101,25.4,45.15,6,1.52,79,0.0,0,0,4,0,86,25.51,6,87,25.61,6,102,25.7,6,103,25.78,6,103,25.85,6,103,25.91,6,104,25.95,6
2025-10-11,135,MUMH2,0,1,110,40,20400,171,183,166,183.29,86,25.51,45.11,6,1.52,69,0.0,0,0,5,1,87,25.61,6,102,25.7,6,103,25.78,6,103,25.85,6,103,25.91,6,104,25.95,6,89,25.98,6
2025-10-12,136,MUMH2,0,1,110,40,20400,167,171,175,183.14,87,25.61,45.08,6,1.53,69,0.0,0,0,6,1,102,25.7,6,103,25.78,6,103,25.85,6,103,25.91,6,104,25.95,6,89,25.98,6,89,26.0,6
2025-10-13,137,MUMH2,0,1,110,40,20400,198,167,189,183.0,102,25.7,45.06,6,1.53,79,0.0,0,0,0,0,103,25.78,6,103,25.85,6,103,25.91,6,104,25.95,6,89,25.98,6,89,26.0,6,104,26.01,6
2025-10-14,138,MUMH2,0,1,110,40,20400,194,198,194,182.5,103,25.78,45.04,6,1.54,79,0.0,0,0,1,0,103,25.85,6,103,25.91,6,104,25.95,6,89,25.98,6,89,26.0,6,104,26.01,6,104,26.0,6
2025-10-15,139,MUMH2,0,1,110,40,20400,183,194,186,182.21,103,25.85,45.02,6,1.54,79,0.0,0,0,2,0,103,25.91,6,104,25.95,6,89,25.98,6,89,26.0,6,104,26.01,6,104,26.0,6,104,25.99,6
2025-10-16,140,MUMH2,0,1,110,40,20400,180,183,184,182.21,103,25.91,45.01,6,1.55,79,0.0,0,0,3,0,104,25.95,6,89,25.98,6,89,26.0,6,104,26.01,6,104,26.0,6,104,25.99,6,104,25.96,6
2025-10-17,141,MUMH2,0,1,110,40,20400,183,180,183,182.36,104,25.95,45.0,6,1.56,79,0.0,0,0,4,0,89,25.98,6,89,26.0,6,104,26.01,6,104,26.0,6,104,25.99,6,104,25.96,6,104,25.93,6
2025-10-18,142,MUMH2,0,1,110,40,20400,171,183,171,182.71,89,25.98,45.0,6,1.57,69,0.0,0,0,5,1,89,26.0,6,104,26.01,6,104,26.0,6,104,25.99,6,104,25.96,6,104,25.93,6,89,25.89,6
2025-10-19,143,MUMH2,0,1,110,40,20400,171,171,167,182.43,89,26.0,45.0,6,1.57,69,0.0,0,0,6,1,104,26.01,6,104,26.0,6,104,25.99,6,104,25.96,6,104,25.93,6,89,25.89,6,89,25.85,6
2025-10-20,144,MUMH2,0,1,110,40,20400,193,171,198,182.71,104,26.01,45.01,6,1.58,79,0.0,0,0,0,0,104,26.0,6,104,25.99,6,104,25.96,6,104,25.93,6,89,25.89,6,89,25.85,6,104,25.81,6
2025-10-21,145,MUMH2,0,1,110,40,20400,190,193,194,182.43,104,26.0,45.02,6,1.59,79,0.0,0,0,1,0,104,25.99,6,104,25.96,6,104,25.93,6,89,25.89,6,89,25.85,6,104,25.81,6,104,25.76,6
2025-10-22,146,MUMH2,0,1,110,40,20400,181,190,183,182.07,104,25.99,45.03,6,1.6,79,0.0,0,0,2,0,104,25.96,6,104,25.93,6,89,25.89,6,89,25.85,6,104,25.81,6,104,25.76,6,104,25.71,6
2025-10-23,147,MUMH2,0,1,110,40,20400,185,181,180,182.14,104,25.96,45.05,6,1.61,79,0.0,0,0,3,0,104,25.93,6,89,25.89,6,89,25.85,6,104,25.81,6,104,25.76,6,104,25.71,6,104,25.67,6
2025-10-24,148,MUMH2,0,1,110,40,20400,178,185,183,181.79,104,25.93,45.08,6,1.62,79,0.0,0,0,4,0,89,25.89,6,89,25.85,6,104,25.81,6,104,25.76,6,104,25.71,6,104,25.67,6,104,25.63,6
2025-10-25,149,MUMH2,0,1,110,40,20400,174,178,171,182.0,89,25.89,45.1,6,1.63,69,0.0,0,0,5,1,89,25.85,6,104,25.81,6,104,25.76,6,104,25.71,6,104,25.67,6,104,25.63,6,88,25.59,6
2025-10-26,150,MUMH2,0,1,110,40,20400,174,174,171,182.5,89,25.85,45.14,6,1.64,69,0.0,0,0,6,1,104,25.81,6,104,25.76,6,104,25.71,6,104,25.67,6,104,25.63,6,88,25.59,6,88,25.56,6
2025-10-27,151,MUMH2,0,1,110,40,20400,190,174,193,181.93,104,25.81,45.17,6,1.65,79,0.0,0,0,0,0,104,25.76,6,104,25.71,6,104,25.67,6,104,25.63,6,88,25.59,6,88,25.56,6,103,25.54,6
2025-10-28,152,MUMH2,0,1,110,40,20400,194,190,190,181.93,104,25.76,45.21,6,1.66,79,0.0,0,0,1,0,104,25.71,6,104,25.67,6,104,25.63,6,88,25.59,6,88,25.56,6,103,25.54,6,103,25.53,6
2025-10-29,153,MUMH2,0,1,110,40,20400,187,194,181,182.21,104,25.71,45.26,6,1.67,79,0.0,0,0,2,0,104,25.67,6,104,25.63,6,88,25.59,6,88,25.56,6,103,25.54,6,103,25.53,6,103,25.53,6
2025-10-30,154,MUMH2,0,1,110,40,20400,182,187,185,182.36,104,25.67,45.31,6,1.69,79,0.0,0,0,3,0,104,25.63,6,88,25.59,6,88,25.56,6,103,25.54,6,103,25.53,6,103,25.53,6,103,25.54,6
2025-10-31,155,MUMH2,0,1,110,40,20400,183,182,178,182.36,104,25.63,45.36,6,1.7,79,0.0,0,0,4,0,88,25.59,6,88,25.56,6,103,25.54,6,103,25.53,6,103,25.53,6,103,25.54,6,103,25.57,6
2025-11-01,156,MUMH2,0,1,110,40,20400,285,183,174,190.5,88,25.59,45.42,6,1.71,69,0.4,0,0,5,1,88,25.56,6,103,25.54,6,103,25.53,6,103,25.53,6,103,25.54,6,103,25.57,6,88,25.61,5
2025-11-02,157,MUMH2,0,1,110,40,20400,169,285,174,190.36,88,25.56,45.49,6,1.73,69,0.0,0,0,6,1,103,25.54,6,103,25.53,6,103,25.53,6,103,25.54,6,103,25.57,6,88,25.61,5,88,25.66,5
2025-11-03,158,MUMH2,0,1,110,40,20400,192,169,190,190.29,103,25.54,45.55,6,1.74,79,0.0,0,0,0,0,103,25.53,6,103,25.53,6,103,25.54,6,103,25.57,6,88,25.61,5,88,25.66,5,104,25.73,5
2025-11-04,159,MUMH2,0,1,110,40,20400,194,192,194,190.57,103,25.53,45.62,6,1.75,79,0.0,0,0,1,0,103,25.53,6,103,25.54,6,103,25.57,6,88,25.61,5,88,25.66,5,104,25.73,5,104,25.81,5
2025-11-05,160,MUMH2,0,1,110,40,20400,181,194,187,190.57,103,25.53,45.7,6,1.77,79,0.0,0,0,2,0,103,25.54,6,103,25.57,6,88,25.61,5,88,25.66,5,104,25.73,5,104,25.81,5,104,25.9,5
2025-11-06,161,MUMH2,0,1,110,40,20400,179,181,182,190.14,103,25.54,45.78,6,1.78,79,0.0,0,0,3,0,103,25.57,6,88,25.61,5,88,25.66,5,104,25.73,5,104,25.81,5,104,25.9,5,104,26.01,5
2025-11-07,162,MUMH2,0,1,110,40,20400,177,179,183,190.07,103,25.57,45.86,6,1.8,79,0.0,0,0,4,0,88,25.61,5,88,25.66,5,104,25.73,5,104,25.81,5,104,25.9,5,104,26.01,5,105,26.13,5
2025-11-08,163,MUMH2,0,1,110,40,20400,171,177,285,189.86,88,25.61,45.95,5,1.81,69,0.0,0,0,5,1,88,25.66,5,104,25.73,5,104,25.81,5,104,25.9,5,104,26.01,5,105,26.13,5,90,26.26,5
2025-11-09,164,MUMH2,0,1,110,40,20400,174,171,169,189.86,88,25.66,46.05,5,1.83,69,0.0,0,0,6,1,104,25.73,5,104,25.81,5,104,25.9,5,104,26.01,5,105,26.13,5,90,26.26,5,91,26.4,5
2025-11-10,165,MUMH2,0,1,110,40,20400,194,174,192,190.14,104,25.73,46.14,5,1.85,79,0.0,0,0,0,0,104,25.81,5,104,25.9,5,104,26.01,5,105,26.13,5,90,26.26,5,91,26.4,5,106,26.55,5
2025-11-11,166,MUMH2,0,1,110,40,20400,190,194,194,189.86,104,25.81,46.24,5,1.86,79,0.0,0,0,1,0,104,25.9,5,104,26.01,5,105,26.13,5,90,26.26,5,91,26.4,5,106,26.55,5,107,26.71,5
2025-11-12,167,MUMH2,0,1,110,40,20400,181,190,181,189.43,104,25.9,46.35,5,1.88,79,0.0,0,0,2,0,104,26.01,5,105,26.13,5,90,26.26,5,91,26.4,5,106,26.55,5,107,26.71,5,108,26.87,5
2025-11-13,168,MUMH2,0,1,110,40,20400,183,181,179,189.5,104,26.01,46.46,5,1.9,79,0.0,0,0,3,0,105,26.13,5,90,26.26,5,91,26.4,5,106,26.55,5,107,26.71,5,108,26.87,5,108,27.04,5
2025-11-14,169,MUMH2,0,1,110,40,20400,189,183,177,189.93,105,26.13,46.57,5,1.91,79,0.0,0,0,4,0,90,26.26,5,91,26.4,5,106,26.55,5,107,26.71,5,108,26.87,5,108,27.04,5,109,27.21,5
2025-11-15,170,MUMH2,0,1,110,40,20400,178,189,171,182.29,90,26.26,46.69,5,1.93,69,0.0,0,0,5,1,91,26.4,5,106,26.55,5,107,26.71,5,108,26.87,5,108,27.04,5,109,27.21,5,95,27.38,5
2025-11-16,171,MUMH2,0,1,110,40,20400,177,178,174,182.86,91,26.4,46.81,5,1.95,69,0.0,0,0,6,1,106,26.55,5,107,26.71,5,108,26.87,5,108,27.04,5,109,27.21,5,95,27.38,5,96,27.55,5
2025-11-17,172,MUMH2,0,1,110,40,20400,195,177,194,183.07,106,26.55,46.93,5,1.97,79,0.0,0,0,0,0,107,26.71,5,108,26.87,5,108,27.04,5,109,27.21,5,95,27.38,5,96,27.55,5,112,27.72,4
2025-11-18,173,MUMH2,0,1,110,40,20400,205,195,190,183.86,107,26.71,47.06,5,1.99,79,0.0,0,0,1,0,108,26.87,5,108,27.04,5,109,27.21,5,95,27.38,5,96,27.55,5,112,27.72,4,112,27.88,4
2025-11-19,174,MUMH2,0,1,110,40,20400,183,205,181,184.0,108,26.87,47.19,5,2.01,79,0.0,0,0,2,0,108,27.04,5,109,27.21,5,95,27.38,5,96,27.55,5,112,27.72,4,112,27.88,4,113,28.04,4
2025-11-20,175,MUMH2,0,1,110,40,20400,185,183,183,184.43,108,27.04,47.33,5,2.03,79,0.0,0,0,3,0,109,27.21,5,95,27.38,5,96,27.55,5,112,27.72,4,112,27.88,4,113,28.04,4,114,28.19,4
2025-11-21,176,MUMH2,0,1,110,40,20400,189,185,189,185.29,109,27.21,47.47,5,2.05,79,0.0,0,0,4,0,95,27.38,5,96,27.55,5,112,27.72,4,112,27.88,4,113,28.04,4,114,28.19,4,115,28.33,4
2025-11-22,177,MUMH2,0,1,110,40,20400,175,189,178,185.57,95,27.38,47.62,5,2.07,69,0.0,0,0,5,1,96,27.55,5,112,27.72,4,112,27.88,4,113,28.04,4,114,28.19,4,115,28.33,4,101,28.46,4
2025-11-23,178,MUMH2,0,1,110,40,20400,175,175,177,185.64,96,27.55,47.76,5,2.09,69,0.0,0,0,6,1,112,27.72,4,112,27.88,4,113,28.04,4,114,28.19,4,115,28.33,4,101,28.46,4,101,28.58,4
2025-11-24,179,MUMH2,0,1,110,40,20400,191,175,195,185.43,112,27.72,47.91,4,2.11,79,0.0,0,0,0,0,112,27.88,4,113,28.04,4,114,28.19,4,115,28.33,4,101,28.46,4,101,28.58,4,117,28.69,4
2025-11-25,180,MUMH2,0,1,110,40,20400,194,191,205,185.71,112,27.88,48.07,4,2.13,79,0.0,0,0,1,0,113,28.04,4,114,28.19,4,115,28.33,4,101,28.46,4,101,28.58,4,117,28.69,4,118,28.79,4
2025-11-26,181,MUMH2,0,1,110,40,20400,187,194,183,186.14,113,28.04,48.23,4,2.15,79,0.0,0,0,2,0,114,28.19,4,115,28.33,4,101,28.46,4,101,28.58,4,117,28.69,4,118,28.79,4,118,28.87,4
2025-11-27,182,MUMH2,0,1,110,40,20400,186,187,185,186.36,114,28.19,48.39,4,2.17,79,0.0,0,0,3,0,115,28.33,4,101,28.46,4,101,28.58,4,117,28.69,4,118,28.79,4,118,28.87,4,119,28.94,4
2025-05-29,0,MUMH3,0,2,130,50,20400,203,203,203,203.0,149,28.95,71.53,4,3.82,79,0.0,0,0,3,0,148,28.82,4,133,28.67,4,132,28.52,42,146,28.36,42,145,28.19,42,145,28.02,42,144,27.85,42
2025-05-30,1,MUMH3,0,2,130,50,20400,205,203,203,204.0,148,28.82,71.36,4,3.8,79,0.0,0,0,4,0,133,28.67,4,132,28.52,42,146,28.36,42,145,28.19,42,145,28.02,42,144,27.85,42,143,27.68,42
2025-05-31,2,MUMH3,0,2,130,50,20400,195,205,203,201.0,133,28.67,71.19,4,3.77,69,0.0,0,0,5,1,132,28.52,42,146,28.36,42,145,28.19,42,145,28.02,42,144,27.85,42,143,27.68,42,127,27.51,42
2025-06-01,3,MUMH3,0,2,130,50,20400,202,195,203,201.25,132,28.52,71.02,42,3.75,69,0.0,0,0,6,1,146,28.36,42,145,28.19,42,145,28.02,42,144,27.85,42,143,27.68,42,127,27.51,42,126,27.34,41
2025-06-02,4,MUMH3,0,2,130,50,20400,218,202,203,204.6,146,28.36,70.84,42,3.73,79,0.0,0,0,0,0,145,28.19,42,145,28.02,42,144,27.85,42,143,27.68,42,127,27.51,42,126,27.34,41,140,27.17,41
2025-06-03,5,MUMH3,0,2,130,50,20400,226,218,203,208.17,145,28.19,70.66,42,3.71,79,0.0,0,0,1,0,145,28.02,42,144,27.85,42,143,27.68,42,127,27.51,42,126,27.34,41,140,27.17,41,140,27.02,41
2025-06-04,6,MUMH3,0,2,130,50,20400,214,226,203,209.0,145,28.02,70.48,42,3.68,79,0.0,0,0,2,0,144,27.85,42,143,27.68,42,127,27.51,42,126,27.34,41,140,27.17,41,140,27.02,41,139,26.87,41
2025-06-05,7,MUMH3,0,2,130,50,20400,214,214,203,209.62,144,27.85,70.29,42,3.66,79,0.0,0,0,3,0,143,27.68,42,127,27.51,42,126,27.34,41,140,27.17,41,140,27.02,41,139,26.87,41,138,26.73,41
2025-06-06,8,MUMH3,0,2,130,50,20400,298,214,205,219.44,143,27.68,70.1,42,3.64,79,0.4,0,0,4,0,127,27.51,42,126,27.34,41,140,27.17,41,140,27.02,41,139,26.87,41,138,26.73,41,137,26.6,41
2025-06-07,9,MUMH3,0,2,130,50,20400,194,298,195,216.9,127,27.51,69.91,42,3.61,69,0.0,0,0,5,1,126,27.34,41,140,27.17,41,140,27.02,41,139,26.87,41,138,26.73,41,137,26.6,41,121,26.48,41
2025-06-08,10,MUMH3,0,2,130,50,20400,200,194,202,215.36,126,27.34,69.72,41,3.59,69,0.0,0,0,6,1,140,27.17,41,140,27.02,41,139,26.87,41,138,26.73,41,137,26.6,41,121,26.48,41,121,26.38,41
2025-06-09,11,MUMH3,0,2,130,50,20400,222,200,218,215.92,140,27.17,69.52,41,3.57,79,0.0,0,0,0,0,140,27.02,41,139,26.87,41,138,26.73,41,137,26.6,41,121,26.48,41,121,26.38,41,135,26.29,41
2025-06-10,12,MUMH3,0,2,130,50,20400,218,222,226,216.08,140,27.02,69.32,41,3.54,79,0.0,0,0,1,0,139,26.87,41,138,26.73,41,137,26.6,41,121,26.48,41,121,26.38,41,135,26.29,41,134,26.21,41
2025-06-11,13,MUMH3,0,2,130,50,20400,208,218,214,215.5,139,26.87,69.11,41,3.52,79,0.0,0,0,2,0,138,26.73,41,137,26.6,41,121,26.48,41,121,26.38,41,135,26.29,41,134,26.21,41,134,26.15,41
2025-06-12,14,MUMH3,0,2,130,50,20400,214,208,214,216.29,138,26.73,68.91,41,3.49,79,0.0,0,0,3,0,137,26.6,41,121,26.48,41,121,26.38,41,135,26.29,41,134,26.21,41,134,26.15,41,133,26.1,41
2025-06-13,15,MUMH3,0,2,130,50,20400,181,214,298,214.57,137,26.6,68.7,41,3.47,79,0.0,0,1,4,0,121,26.48,41,121,26.38,41,135,26.29,41,134,26.21,41,134,26.15,41,133,26.1,41,132,26.06,40
2025-06-14,16,MUMH3,0,2,130,50,20400,201,181,194,215.0,121,26.48,68.49,41,3.45,69,0.0,0,0,5,1,121,26.38,41,135,26.29,41,134,26.21,41,134,26.15,41,133,26.1,41,132,26.06,40,117,26.03,40
2025-06-15,17,MUMH3,0,2,130,50,20400,198,201,200,214.71,121,26.38,68.27,41,3.42,69,0.0,0,0,6,1,135,26.29,41,134,26.21,41,134,26.15,41,133,26.1,41,132,26.06,40,117,26.03,40,116,26.02,40
2025-06-16,18,MUMH3,0,2,130,50,20400,219,198,222,214.79,135,26.29,68.05,41,3.4,79,0.0,0,0,0,0,134,26.21,41,134,26.15,41,133,26.1,41,132,26.06,40,117,26.03,40,116,26.02,40,131,26.02,40
2025-06-17,19,MUMH3,0,2,130,50,20400,220,219,218,214.36,134,26.21,67.84,41,3.37,79,0.0,0,0,1,0,134,26.15,41,133,26.1,41,132,26.06,40,117,26.03,40,116,26.02,40,131,26.02,40,131,26.03,40
2025-06-18,20,MUMH3,0,2,130,50,20400,215,220,208,214.43,134,26.15,67.61,41,3.35,79,0.0,0,0,2,0,133,26.1,41,132,26.06,40,117,26.03,40,116,26.02,40,131,26.02,40,131,26.03,40,130,26.05,40
2025-06-19,21,MUMH3,0,2,130,50,20400,206,215,214,213.86,133,26.1,67.39,41,3.32,79,0.0,0,0,3,0,132,26.06,40,117,26.03,40,116,26.02,40,131,26.02,40,131,26.03,40,130,26.05,40,130,26.08,40
2025-06-20,22,MUMH3,0,2,130,50,20400,208,206,181,207.43,132,26.06,67.16,40,3.3,79,0.0,0,0,4,0,117,26.03,40,116,26.02,40,131,26.02,40,131,26.03,40,130,26.05,40,130,26.08,40,210,26.11,40
2025-06-21,23,MUMH3,0,2,130,50,20400,194,208,201,207.43,117,26.03,66.94,40,3.27,69,0.0,0,0,5,1,116,26.02,40,131,26.02,40,131,26.03,40,130,26.05,40,130,26.08,40,210,26.11,40,195,26.15,40
2025-06-22,24,MUMH3,0,2,130,50,20400,200,194,198,207.43,116,26.02,66.71,40,3.24,69,0.0,0,0,6,1,131,26.02,40,131,26.03,40,130,26.05,40,130,26.08,40,210,26.11,40,195,26.15,40,195,26.19,40
2025-06-23,25,MUMH3,0,2,130,50,20400,219,200,219,207.21,131,26.02,66.47,40,3.22,79,0.0,0,0,0,0,131,26.03,40,130,26.05,40,130,26.08,40,210,26.11,40,195,26.15,40,195,26.19,40,129,26.24,40
2025-06-24,26,MUMH3,0,2,130,50,20400,221,219,220,207.43,131,26.03,66.24,40,3.19,79,0.0,0,0,1,0,130,26.05,40,130,26.08,40,210,26.11,40,195,26.15,40,195,26.19,40,129,26.24,40,129,26.28,40
2025-06-25,27,MUMH3,0,2,130,50,20400,208,221,215,207.43,130,26.05,66.01,40,3.17,79,0.0,0,0,2,0,130,26.08,40,210,26.11,40,195,26.15,40,195,26.19,40,129,26.24,40,129,26.28,40,129,26.32,40
2025-06-26,28,MUMH3,0,2,130,50,20400,206,208,206,206.86,130,26.08,65.77,40,3.14,79,0.0,0,0,3,0,210,26.11,40,195,26.15,40,195,26.19,40,129,26.24,40,129,26.28,40,129,26.32,40,129,26.35,40
2025-06-27,29,MUMH3,0,2,130,50,20400,260,206,208,212.5,210,26.11,65.53,40,3.12,54,0.0,1,0,4,0,195,26.15,40,195,26.19,40,129,26.24,40,129,26.28,40,129,26.32,40,129,26.35,40,129,26.38,40
2025-06-28,30,MUMH3,0,2,130,50,20400,225,260,194,214.21,195,26.15,65.29,40,3.09,44,0.0,1,0,5,1,195,26.19,40,129,26.24,40,129,26.28,40,129,26.32,40,129,26.35,40,129,26.38,40,114,26.41,40
2025-06-29,31,MUMH3,0,2,130,50,20400,237,225,200,217.0,195,26.19,65.05,40,3.06,44,0.0,1,0,6,1,129,26.24,40,129,26.28,40,129,26.32,40,129,26.35,40,129,26.38,40,114,26.41,40,114,26.42,40
2025-06-30,32,MUMH3,0,2,130,50,20400,209,237,219,216.29,129,26.24,64.8,40,3.04,79,0.0,0,0,0,0,129,26.28,40,129,26.32,40,129,26.35,40,129,26.38,40,114,26.41,40,114,26.42,40,128,26.43,40
2025-07-01,33,MUMH3,0,2,130,50,20400,220,209,221,216.29,129,26.28,64.56,40,3.01,79,0.0,0,0,1,0,129,26.32,40,129,26.35,40,129,26.38,40,114,26.41,40,114,26.42,40,128,26.43,40,128,26.42,40
2025-07-02,34,MUMH3,0,2,130,50,20400,207,220,208,215.71,129,26.32,64.31,40,2.99,79,0.0,0,0,2,0,129,26.35,40,129,26.38,40,114,26.41,40,114,26.42,40,128,26.43,40,128,26.42,40,128,26.4,40
2025-07-03,35,MUMH3,0,2,130,50,20400,220,207,206,216.71,129,26.35,64.06,40,2.96,79,0.0,0,0,3,0,129,26.38,40,114,26.41,40,114,26.42,40,128,26.43,40,128,26.42,40,128,26.4,40,128,26.38,40
2025-07-04,36,MUMH3,0,2,130,50,20400,209,220,260,216.79,129,26.38,63.81,40,2.94,79,0.0,0,0,4,0,114,26.41,40,114,26.42,40,128,26.43,40,128,26.42,40,128,26.4,40,128,26.38,40,127,26.33,40
2025-07-05,37,MUMH3,0,2,130,50,20400,197,209,225,217.0,114,26.41,63.56,40,2.91,69,0.0,0,0,5,1,114,26.42,40,128,26.43,40,128,26.42,40,128,26.4,40,128,26.38,40,127,26.33,40,112,26.28,40
2025-07-06,38,MUMH3,0,2,130,50,20400,195,197,237,216.64,114,26.42,63.31,40,2.88,69,0.0,0,0,6,1,128,26.43,40,128,26.42,40,128,26.4,40,128,26.38,40,127,26.33,40,112,26.28,40,112,26.21,40
2025-07-07,39,MUMH3,0,2,130,50,20400,217,195,209,216.5,128,26.43,63.06,40,2.86,79,0.0,0,0,0,0,128,26.42,40,128,26.4,40,128,26.38,40,127,26.33,40,112,26.28,40,112,26.21,40,126,26.13,41
2025-07-08,40,MUMH3,0,2,130,50,20400,223,217,220,216.64,128,26.42,62.81,40,2.83,79,0.0,0,0,1,0,128,26.4,40,128,26.38,40,127,26.33,40,112,26.28,40,112,26.21,40,126,26.13,41,126,26.04,41
2025-07-09,41,MUMH3,0,2,130,50,20400,209,223,207,216.71,128,26.4,62.55,40,2.81,79,0.0,0,0,2,0,128,26.38,40,127,26.33,40,112,26.28,40,112,26.21,40,126,26.13,41,126,26.04,41,125,25.94,41
2025-07-10,42,MUMH3,0,2,130,50,20400,203,209,220,216.5,128,26.38,62.3,40,2.78,79,0.0,0,0,3,0,127,26.33,40,112,26.28,40,112,26.21,40,126,26.13,41,126,26.04,41,125,25.94,41,124,25.83,41
2025-07-11,43,MUMH3,0,2,130,50,20400,206,203,209,212.64,127,26.33,62.04,40,2.76,79,0.0,0,0,4,0,112,26.28,40,112,26.21,40,126,26.13,41,126,26.04,41,125,25.94,41,124,25.83,41,124,25.71,41
2025-07-12,44,MUMH3,0,2,130,50,20400,199,206,197,210.79,112,26.28,61.78,40,2.73,69,0.0,0,0,5,1,112,26.21,40,126,26.13,41,126,26.04,41,125,25.94,41,124,25.83,41,124,25.71,41,108,25.57,41
2025-07-13,45,MUMH3,0,2,130,50,20400,316,199,195,216.43,112,26.21,61.53,40,2.7,69,0.4,0,0,6,1,126,26.13,41,126,26.04,41,125,25.94,41,124,25.83,41,124,25.71,41,108,25.57,41,107,25.44,41
2025-07-14,46,MUMH3,0,2,130,50,20400,217,316,217,217.0,126,26.13,61.27,41,2.68,79,0.0,0,0,0,0,126,26.04,41,125,25.94,41,124,25.83,41,124,25.71,41,108,25.57,41,107,25.44,41,122,25.29,41
2025-07-15,47,MUMH3,0,2,130,50,20400,221,217,223,217.07,126,26.04,61.01,41,2.65,79,0.0,0,0,1,0,125,25.94,41,124,25.83,41,124,25.71,41,108,25.57,41,107,25.44,41,122,25.29,41,121,25.15,41
2025-07-16,48,MUMH3,0,2,130,50,20400,209,221,209,217.21,125,25.94,60.76,41,2.63,79,0.0,0,0,2,0,124,25.83,41,124,25.71,41,108,25.57,41,107,25.44,41,122,25.29,41,121,25.15,41,120,25.0,41
2025-07-17,49,MUMH3,0,2,130,50,20400,214,209,203,216.79,124,25.83,60.5,41,2.6,79,0.0,0,0,3,0,124,25.71,41,108,25.57,41,107,25.44,41,122,25.29,41,121,25.15,41,120,25.0,41,119,24.85,41
2025-07-18,50,MUMH3,0,2,130,50,20400,209,214,206,216.79,124,25.71,60.24,41,2.58,79,0.0,0,0,4,0,108,25.57,41,107,25.44,41,122,25.29,41,121,25.15,41,120,25.0,41,119,24.85,41,118,24.71,41
2025-07-19,51,MUMH3,0,2,130,50,20400,196,209,199,216.71,108,25.57,59.98,41,2.55,69,0.0,0,0,5,1,107,25.44,41,122,25.29,41,121,25.15,41,120,25.0,41,119,24.85,41,118,24.71,41,102,24.56,42
2025-07-20,52,MUMH3,0,2,130,50,20400,198,196,316,216.93,107,25.44,59.72,41,2.53,69,0.0,0,0,6,1,122,25.29,41,121,25.15,41,120,25.0,41,119,24.85,41,118,24.71,41,102,24.56,42,102,24.43,42
2025-07-21,53,MUMH3,0,2,130,50,20400,214,198,217,216.71,122,25.29,59.46,41,2.51,79,0.0,0,0,0,0,121,25.15,41,120,25.0,41,119,24.85,41,118,24.71,41,102,24.56,42,102,24.43,42,116,24.3,42
2025-07-22,54,MUMH3,0,2,130,50,20400,218,214,221,216.36,121,25.15,59.21,41,2.48,79,0.0,0,0,1,0,120,25.0,41,119,24.85,41,118,24.71,41,102,24.56,42,102,24.43,42,116,24.3,42,115,24.17,42
2025-07-23,55,MUMH3,0,2,130,50,20400,207,218,209,216.21,120,25.0,58.95,41,2.46,79,0.0,0,0,2,0,119,24.85,41,118,24.71,41,102,24.56,42,102,24.43,42,116,24.3,42,115,24.17,42,114,24.06,42
2025-07-24,56,MUMH3,0,2,130,50,20400,204,207,214,216.29,119,24.85,58.69,41,2.43,79,0.0,0,0,3,0,118,24.71,41,102,24.56,42,102,24.43,42,116,24.3,42,115,24.17,42,114,24.06,42,113,23.96,42
2025-07-25,57,MUMH3,0,2,130,50,20400,211,204,209,216.64,118,24.71,58.43,41,2.41,79,0.0,0,0,4,0,102,24.56,42,102,24.43,42,116,24.3,42,115,24.17,42,114,24.06,42,113,23.96,42,112,23.87,42
2025-07-26,58,MUMH3,0,2,130,50,20400,188,211,196,215.86,102,24.56,58.18,42,2.39,69,0.0,0,0,5,1,102,24.43,42,116,24.3,42,115,24.17,42,114,24.06,42,113,23.96,42,112,23.87,42,97,23.79,42
2025-07-27,59,MUMH3,0,2,130,50,20400,196,188,198,207.29,102,24.43,57.92,42,2.36,69,0.0,0,0,6,1,116,24.3,42,115,24.17,42,114,24.06,42,113,23.96,42,112,23.87,42,97,23.79,42,96,23.73,42
2025-07-28,60,MUMH3,0,2,130,50,20400,195,196,214,205.71,116,24.3,57.67,42,2.34,79,0.0,0,1,0,0,115,24.17,42,114,24.06,42,113,23.96,42,112,23.87,42,97,23.79,42,96,23.73,42,110,23.68,42
2025-07-29,61,MUMH3,0,2,130,50,20400,214,195,218,205.21,115,24.17,57.41,42,2.32,79,0.0,0,0,1,0,114,24.06,42,113,23.96,42,112,23.87,42,97,23.79,42,96,23.73,42,110,23.68,42,110,23.65,42
2025-07-30,62,MUMH3,0,2,130,50,20400,201,214,207,204.64,114,24.06,57.16,42,2.29,79,0.0,0,0,2,0,113,23.96,42,112,23.87,42,97,23.79,42,96,23.73,42,110,23.68,42,110,23.65,42,109,23.63,42
2025-07-31,63,MUMH3,0,2,130,50,20400,196,201,204,203.36,113,23.96,56.91,42,2.27,79,0.0,0,0,3,0,112,23.87,42,97,23.79,42,96,23.73,42,110,23.68,42,110,23.65,42,109,23.63,42,109,23.62,42
2025-08-01,64,MUMH3,0,2,130,50,20400,211,196,211,203.5,112,23.87,56.65,42,2.25,79,0.0,0,0,4,0,97,23.79,42,96,23.73,42,110,23.68,42,110,23.65,42,109,23.63,42,109,23.62,42,108,23.63,43
2025-08-02,65,MUMH3,0,2,130,50,20400,191,211,188,203.14,97,23.79,56.4,42,2.23,69,0.0,0,0,5,1,96,23.73,42,110,23.68,42,110,23.65,42,109,23.63,42,109,23.62,42,108,23.63,43,93,23.65,43
2025-08-03,66,MUMH3,0,2,130,50,20400,191,191,196,202.64,96,23.73,56.15,42,2.2,69,0.0,0,0,6,1,110,23.68,42,110,23.65,42,109,23.63,42,109,23.62,42,108,23.63,43,93,23.65,43,93,23.69,43
2025-08-04,67,MUMH3,0,2,130,50,20400,220,191,195,203.07,110,23.68,55.9,42,2.18,79,0.0,0,0,0,0,110,23.65,42,109,23.63,42,109,23.62,42,108,23.63,43,93,23.65,43,93,23.69,43,108,23.73,43
2025-08-05,68,MUMH3,0,2,130,50,20400,216,220,214,202.93,110,23.65,55.65,42,2.16,79,0.0,0,0,1,0,109,23.63,42,109,23.62,42,108,23.63,43,93,23.65,43,93,23.69,43,108,23.73,43,107,23.79,43
2025-08-06,69,MUMH3,0,2,130,50,20400,207,216,201,202.93,109,23.63,55.41,42,2.14,79,0.0,0,0,2,0,109,23.62,42,108,23.63,43,93,23.65,43,93,23.69,43,108,23.73,43,107,23.79,43,107,23.85,43
2025-08-07,70,MUMH3,0,2,130,50,20400,204,207,196,202.93,109,23.62,55.16,42,2.12,79,0.0,0,0,3,0,108,23.63,43,93,23.65,43,93,23.69,43,108,23.73,43,107,23.79,43,107,23.85,43,107,23.93,43
2025-08-08,71,MUMH3,0,2,130,50,20400,204,204,211,202.43,108,23.63,54.92,43,2.1,79,0.0,0,0,4,0,93,23.65,43,93,23.69,43,108,23.73,43,107,23.79,43,107,23.85,43,107,23.93,43,107,24.01,43
2025-08-09,72,MUMH3,0,2,130,50,20400,199,204,191,203.21,93,23.65,54.68,43,2.08,69,0.0,0,0,5,1,93,23.69,43,108,23.73,43,107,23.79,43,107,23.85,43,107,23.93,43,107,24.01,43,92,24.09,43
2025-08-10,73,MUMH3,0,2,130,50,20400,197,199,191,203.29,93,23.69,54.44,43,2.06,69,0.0,0,0,6,1,108,23.73,43,107,23.79,43,107,23.85,43,107,23.93,43,107,24.01,43,92,24.09,43,92,24.17,43
2025-08-11,74,MUMH3,0,2,130,50,20400,209,197,220,204.29,108,23.73,54.2,43,2.04,79,0.0,0,0,0,0,107,23.79,43,107,23.85,43,107,23.93,43,107,24.01,43,92,24.09,43,92,24.17,43,107,24.26,43
2025-08-12,75,MUMH3,0,2,130,50,20400,219,209,216,204.64,107,23.79,53.96,43,2.02,79,0.0,0,0,1,0,107,23.85,43,107,23.93,43,107,24.01,43,92,24.09,43,92,24.17,43,107,24.26,43,107,24.34,43
2025-08-13,76,MUMH3,0,2,130,50,20400,208,219,207,205.14,107,23.85,53.73,43,2.0,79,0.0,0,0,2,0,107,23.93,43,107,24.01,43,92,24.09,43,92,24.17,43,107,24.26,43,107,24.34,43,107,24.42,43
2025-08-14,77,MUMH3,0,2,130,50,20400,208,208,204,206.0,107,23.93,53.49,43,1.98,79,0.0,0,0,3,0,107,24.01,43,92,24.09,43,92,24.17,43,107,24.26,43,107,24.34,43,107,24.42,43,107,24.5,43
2025-08-15,78,MUMH3,0,2,130,50,20400,205,208,204,205.57,107,24.01,53.26,43,1.96,79,0.0,0,0,4,0,92,24.09,43,92,24.17,43,107,24.26,43,107,24.34,43,107,24.42,43,107,24.5,43,107,24.57,43
2025-08-16,79,MUMH3,0,2,130,50,20400,193,205,199,205.71,92,24.09,53.03,43,1.94,69,0.0,0,0,5,1,92,24.17,43,107,24.26,43,107,24.34,43,107,24.42,43,107,24.5,43,107,24.57,43,92,24.64,43
2025-08-17,80,MUMH3,0,2,130,50,20400,193,193,197,205.86,92,24.17,52.8,43,1.92,69,0.0,0,0,6,1,107,24.26,43,107,24.34,43,107,24.42,43,107,24.5,43,107,24.57,43,92,24.64,43,92,24.69,43
2025-08-18,81,MUMH3,0,2,130,50,20400,215,193,209,205.5,107,24.26,52.58,43,1.91,79,0.0,0,0,0,0,107,24.34,43,107,24.42,43,107,24.5,43,107,24.57,43,92,24.64,43,92,24.69,43,107,24.74,44
2025-08-19,82,MUMH3,0,2,130,50,20400,642,215,219,235.93,107,24.34,52.35,43,1.89,79,1.0,0,0,1,0,107,24.42,43,107,24.5,43,107,24.57,43,92,24.64,43,92,24.69,43,107,24.74,44,187,24.77,44
2025-08-20,83,MUMH3,0,2,130,50,20400,200,642,208,235.43,107,24.42,52.13,43,1.87,79,0.0,0,0,2,0,107,24.5,43,107,24.57,43,92,24.64,43,92,24.69,43,107,24.74,44,187,24.77,44,187,24.8,44
2025-08-21,84,MUMH3,0,2,130,50,20400,203,200,208,235.36,107,24.5,51.91,43,1.85,79,0.0,0,0,3,0,107,24.57,43,92,24.64,43,92,24.69,43,107,24.74,44,187,24.77,44,187,24.8,44,187,24.81,44
2025-08-22,85,MUMH3,0,2,130,50,20400,210,203,205,235.79,107,24.57,51.7,43,1.84,79,0.0,0,0,4,0,92,24.64,43,92,24.69,43,107,24.74,44,187,24.77,44,187,24.8,44,187,24.81,44,107,24.81,44
2025-08-23,86,MUMH3,0,2,130,50,20400,189,210,193,235.07,92,24.64,51.48,43,1.82,69,0.0,0,0,5,1,92,24.69,43,107,24.74,44,187,24.77,44,187,24.8,44,187,24.81,44,107,24.81,44,92,24.79,44
2025-08-24,87,MUMH3,0,2,130,50,20400,199,189,193,235.21,92,24.69,51.27,43,1.81,69,0.0,0,0,6,1,107,24.74,44,187,24.77,44,187,24.8,44,187,24.81,44,107,24.81,44,92,24.79,44,92,24.77,44
2025-08-25,88,MUMH3,0,2,130,50,20400,212,199,215,235.43,107,24.74,51.06,44,1.79,79,0.0,0,0,0,0,187,24.77,44,187,24.8,44,187,24.81,44,107,24.81,44,92,24.79,44,92,24.77,44,106,24.73,44
2025-08-26,89,MUMH3,0,2,130,50,20400,255,212,642,238.0,187,24.77,50.86,44,1.78,54,0.0,1,0,1,0,187,24.8,44,187,24.81,44,107,24.81,44,92,24.79,44,92,24.77,44,106,24.73,44,106,24.68,44
2025-08-27,90,MUMH3,0,2,130,50,20400,230,255,200,239.57,187,24.8,50.65,44,1.76,54,0.0,1,0,2,0,187,24.81,44,107,24.81,44,92,24.79,44,92,24.77,44,106,24.73,44,106,24.68,44,106,24.63,44
2025-08-28,91,MUMH3,0,2,130,50,20400,258,230,203,243.14,187,24.81,50.45,44,1.75,54,0.0,1,0,3,0,107,24.81,44,92,24.79,44,92,24.77,44,106,24.73,44,106,24.68,44,106,24.63,44,105,24.56,44
2025-08-29,92,MUMH3,0,2,130,50,20400,204,258,210,243.07,107,24.81,50.26,44,1.73,79,0.0,0,0,4,0,92,24.79,44,92,24.77,44,106,24.73,44,106,24.68,44,106,24.63,44,105,24.56,44,105,24.48,44
2025-08-30,93,MUMH3,0,2,130,50,20400,195,204,189,243.21,92,24.79,50.06,44,1.72,69,0.0,0,0,5,1,92,24.77,44,106,24.73,44,106,24.68,44,106,24.63,44,105,24.56,44,105,24.48,44,89,24.4,44
2025-08-31,94,MUMH3,0,2,130,50,20400,199,195,199,243.64,92,24.77,49.87,44,1.71,69,0.0,0,0,6,1,106,24.73,44,106,24.68,44,106,24.63,44,105,24.56,44,105,24.48,44,89,24.4,44,89,24.31,44
2025-09-01,95,MUMH3,0,2,130,50,20400,223,199,212,244.21,106,24.73,49.68,44,1.69,79,0.0,0,0,0,0,106,24.68,44,106,24.63,44,105,24.56,44,105,24.48,44,89,24.4,44,89,24.31,44,104,24.22,44
2025-09-02,96,MUMH3,0,2,130,50,20400,217,223,255,213.86,106,24.68,49.49,44,1.68,79,0.0,0,0,1,0,106,24.63,44,105,24.56,44,105,24.48,44,89,24.4,44,89,24.31,44,104,24.22,44,103,24.12,44
2025-09-03,97,MUMH3,0,2,130,50,20400,208,217,230,214.43,106,24.63,49.31,44,1.67,79,0.0,0,0,2,0,105,24.56,44,105,24.48,44,89,24.4,44,89,24.31,44,104,24.22,44,103,24.12,44,102,24.03,44
2025-09-04,98,MUMH3,0,2,130,50,20400,210,208,258,214.93,105,24.56,49.13,44,1.66,79,0.0,0,0,3,0,105,24.48,44,89,24.4,44,89,24.31,44,104,24.22,44,103,24.12,44,102,24.03,44,102,23.94,44
2025-09-05,99,MUMH3,0,2,130,50,20400,201,210,204,214.29,105,24.48,48.96,44,1.64,79,0.0,0,0,4,0,89,24.4,44,89,24.31,44,104,24.22,44,103,24.12,44,102,24.03,44,102,23.94,44,101,23.85,44
2025-09-06,100,MUMH3,0,2,130,50,20400,189,201,195,214.29,89,24.4,48.78,44,1.63,69,0.0,0,0,5,1,89,24.31,44,104,24.22,44,103,24.12,44,102,24.03,44,102,23.94,44,101,23.85,44,86,23.76,44
2025-09-07,101,MUMH3,0,2,130,50,20400,186,189,199,213.36,89,24.31,48.61,44,1.62,69,0.0,0,0,6,1,104,24.22,44,103,24.12,44,102,24.03,44,102,23.94,44,101,23.85,44,86,23.76,44,85,23.68,44
2025-09-08,102,MUMH3,0,2,130,50,20400,216,186,223,213.64,104,24.22,48.45,44,1.61,79,0.0,0,0,0,0,103,24.12,44,102,24.03,44,102,23.94,44,101,23.85,44,86,23.76,44,85,23.68,44,100,23.61,44
2025-09-09,103,MUMH3,0,2,130,50,20400,215,216,217,210.79,103,24.12,48.28,44,1.6,79,0.0,0,0,1,0,102,24.03,44,102,23.94,44,101,23.85,44,86,23.76,44,85,23.68,44,100,23.61,44,99,23.55,44
2025-09-10,104,MUMH3,0,2,130,50,20400,209,215,208,209.29,102,24.03,48.12,44,1.59,79,0.0,0,0,2,0,102,23.94,44,101,23.85,44,86,23.76,44,85,23.68,44,100,23.61,44,99,23.55,44,99,23.5,44
2025-09-11,105,MUMH3,0,2,130,50,20400,208,209,210,205.71,102,23.94,47.97,44,1.59,79,0.0,0,0,3,0,101,23.85,44,86,23.76,44,85,23.68,44,100,23.61,44,99,23.55,44,99,23.5,44,98,23.46,44
2025-09-12,106,MUMH3,0,2,130,50,20400,204,208,201,205.71,101,23.85,47.82,44,1.58,79,0.0,0,0,4,0,86,23.76,44,85,23.68,44,100,23.61,44,99,23.55,44,99,23.5,44,98,23.46,44,98,23.44,44
2025-09-13,107,MUMH3,0,2,130,50,20400,194,204,189,205.64,86,23.76,47.67,44,1.57,69,0.0,0,0,5,1,85,23.68,44,100,23.61,44,99,23.55,44,99,23.5,44,98,23.46,44,98,23.44,44,83,23.42,44
2025-09-14,108,MUMH3,0,2,130,50,20400,187,194,186,204.79,85,23.68,47.52,44,1.56,69,0.0,0,0,6,1,100,23.61,44,99,23.55,44,99,23.5,44,98,23.46,44,98,23.44,44,83,23.42,44,82,23.43,44
2025-09-15,109,MUMH3,0,2,130,50,20400,214,187,216,204.14,100,23.61,47.38,44,1.55,79,0.0,0,0,0,0,99,23.55,44,99,23.5,44,98,23.46,44,98,23.44,44,83,23.42,44,82,23.43,44,97,23.44,44
2025-09-16,110,MUMH3,0,2,130,50,20400,219,214,215,204.29,99,23.55,47.24,44,1.55,79,0.0,0,0,1,0,99,23.5,44,98,23.46,44,98,23.44,44,83,23.42,44,82,23.43,44,97,23.44,44,97,23.47,44
2025-09-17,111,MUMH3,0,2,130,50,20400,199,219,209,203.64,99,23.5,47.11,44,1.54,79,0.0,0,0,2,0,98,23.46,44,98,23.44,44,83,23.42,44,82,23.43,44,97,23.44,44,97,23.47,44,97,23.52,44
2025-09-18,112,MUMH3,0,2,130,50,20400,204,199,208,203.21,98,23.46,46.98,44,1.54,79,0.0,0,0,3,0,98,23.44,44,83,23.42,44,82,23.43,44,97,23.44,44,97,23.47,44,97,23.52,44,97,23.58,44
2025-09-19,113,MUMH3,0,2,130,50,20400,209,204,204,203.79,98,23.44,46.85,44,1.53,79,0.0,0,0,4,0,83,23.42,44,82,23.43,44,97,23.44,44,97,23.47,44,97,23.52,44,97,23.58,44,97,23.65,44
2025-09-20,114,MUMH3,0,2,130,50,20400,180,209,194,203.14,83,23.42,46.73,44,1.53,69,0.0,0,0,5,1,82,23.43,44,97,23.44,44,97,23.47,44,97,23.52,44,97,23.58,44,97,23.65,44,82,23.74,44
2025-09-21,115,MUMH3,0,2,130,50,20400,192,180,187,203.57,82,23.43,46.61,44,1.52,69,0.0,0,0,6,1,97,23.44,44,97,23.47,44,97,23.52,44,97,23.58,44,97,23.65,44,82,23.74,44,82,23.84,44
2025-09-22,116,MUMH3,0,2,130,50,20400,208,192,214,203.0,97,23.44,46.5,44,1.52,79,0.0,0,0,0,0,97,23.47,44,97,23.52,44,97,23.58,44,97,23.65,44,82,23.74,44,82,23.84,44,97,23.94,44
2025-09-23,117,MUMH3,0,2,130,50,20400,212,208,219,202.79,97,23.47,46.39,44,1.51,79,0.0,0,0,1,0,97,23.52,44,97,23.58,44,97,23.65,44,82,23.74,44,82,23.84,44,97,23.94,44,97,24.06,44
2025-09-24,118,MUMH3,0,2,130,50,20400,201,212,199,202.21,97,23.52,46.28,44,1.51,79,0.0,0,0,2,0,97,23.58,44,97,23.65,44,82,23.74,44,82,23.84,44,97,23.94,44,97,24.06,44,97,24.19,6
2025-09-25,119,MUMH3,0,2,130,50,20400,302,201,204,208.93,97,23.58,46.18,44,1.51,79,0.4,0,0,3,0,97,23.65,44,82,23.74,44,82,23.84,44,97,23.94,44,97,24.06,44,97,24.19,6,98,24.32,6
2025-09-26,120,MUMH3,0,2,130,50,20400,196,302,209,208.36,97,23.65,46.08,44,1.51,79,0.0,0,0,4,0,82,23.74,44,82,23.84,44,97,23.94,44,97,24.06,44,97,24.19,6,98,24.32,6,98,24.46,6
2025-09-27,121,MUMH3,0,2,130,50,20400,187,196,180,207.86,82,23.74,45.99,44,1.5,69,0.0,0,0,5,1,82,23.84,44,97,23.94,44,97,24.06,44,97,24.19,6,98,24.32,6,98,24.46,6,83,24.6,6
2025-09-28,122,MUMH3,0,2,130,50,20400,195,187,192,208.43,82,23.84,45.9,44,1.5,69,0.0,0,0,6,1,97,23.94,44,97,24.06,44,97,24.19,6,98,24.32,6,98,24.46,6,83,24.6,6,84,24.74,6
2025-09-29,123,MUMH3,0,2,130,50,20400,212,195,208,208.29,97,23.94,45.81,44,1.5,79,0.0,0,0,0,0,97,24.06,44,97,24.19,6,98,24.32,6,98,24.46,6,83,24.6,6,84,24.74,6,99,24.88,6
2025-09-30,124,MUMH3,0,2,130,50,20400,216,212,212,208.07,97,24.06,45.73,44,1.5,79,0.0,0,0,1,0,97,24.19,6,98,24.32,6,98,24.46,6,83,24.6,6,84,24.74,6,99,24.88,6,100,25.01,6
2025-10-01,125,MUMH3,0,2,130,50,20400,188,216,201,207.29,97,24.19,45.65,6,1.5,79,0.0,0,0,2,0,98,24.32,6,98,24.46,6,83,24.6,6,84,24.74,6,99,24.88,6,100,25.01,6,100,25.15,6
2025-10-02,126,MUMH3,0,2,130,50,20400,193,188,302,206.5,98,24.32,45.58,6,1.5,79,0.0,0,0,3,0,98,24.46,6,83,24.6,6,84,24.74,6,99,24.88,6,100,25.01,6,100,25.15,6,101,25.28,6
2025-10-03,127,MUMH3,0,2,130,50,20400,191,193,196,205.21,98,24.46,45.51,6,1.5,79,0.0,0,0,4,0,83,24.6,6,84,24.74,6,99,24.88,6,100,25.01,6,100,25.15,6,101,25.28,6,101,25.4,6
2025-10-04,128,MUMH3,0,2,130,50,20400,183,191,187,205.43,83,24.6,45.44,6,1.5,69,0.0,0,0,5,1,84,24.74,6,99,24.88,6,100,25.01,6,100,25.15,6,101,25.28,6,101,25.4,6,86,25.51,6
2025-10-05,129,MUMH3,0,2,130,50,20400,182,183,195,204.71,84,24.74,45.38,6,1.5,69,0.0,0,0,6,1,99,24.88,6,100,25.01,6,100,25.15,6,101,25.28,6,101,25.4,6,86,25.51,6,87,25.61,6
2025-10-06,130,MUMH3,0,2,130,50,20400,208,182,212,204.71,99,24.88,45.33,6,1.51,79,0.0,0,0,0,0,100,25.01,6,100,25.15,6,101,25.28,6,101,25.4,6,86,25.51,6,87,25.61,6,102,25.7,6
2025-10-07,131,MUMH3,0,2,130,50,20400,199,208,216,203.79,100,25.01,45.28,6,1.51,79,0.0,0,0,1,0,100,25.15,6,101,25.28,6,101,25.4,6,86,25.51,6,87,25.61,6,102,25.7,6,103,25.78,6
2025-10-08,132,MUMH3,0,2,130,50,20400,189,199,188,202.93,100,25.15,45.23,6,1.51,79,0.0,0,0,2,0,101,25.28,6,101,25.4,6,86,25.51,6,87,25.61,6,102,25.7,6,103,25.78,6,103,25.85,6
2025-10-09,133,MUMH3,0,2,130,50,20400,191,189,193,195.0,101,25.28,45.19,6,1.52,79,0.0,0,0,3,0,101,25.4,6,86,25.51,6,87,25.61,6,102,25.7,6,103,25.78,6,103,25.85,6,103,25.91,6
2025-10-10,134,MUMH3,0,2,130,50,20400,192,191,191,194.71,101,25.4,45.15,6,1.52,79,0.0,0,0,4,0,86,25.51,6,87,25.61,6,102,25.7,6,103,25.78,6,103,25.85,6,103,25.91,6,104,25.95,6
2025-10-11,135,MUMH3,0,2,130,50,20400,178,192,183,194.07,86,25.51,45.11,6,1.52,69,0.0,0,0,5,1,87,25.61,6,102,25.7,6,103,25.78,6,103,25.85,6,103,25.91,6,104,25.95,6,89,25.98,6
2025-10-12,136,MUMH3,0,2,130,50,20400,178,178,182,192.86,87,25.61,45.08,6,1.53,69,0.0,0,0,6,1,102,25.7,6,103,25.78,6,103,25.85,6,103,25.91,6,104,25.95,6,89,25.98,6,89,26.0,6
2025-10-13,137,MUMH3,0,2,130,50,20400,204,178,208,192.29,102,25.7,45.06,6,1.53,79,0.0,0,0,0,0,103,25.78,6,103,25.85,6,103,25.91,6,104,25.95,6,89,25.98,6,89,26.0,6,104,26.01,6
2025-10-14,138,MUMH3,0,2,130,50,20400,201,204,199,191.21,103,25.78,45.04,6,1.54,79,0.0,0,0,1,0,103,25.85,6,103,25.91,6,104,25.95,6,89,25.98,6,89,26.0,6,104,26.01,6,104,26.0,6
2025-10-15,139,MUMH3,0,2,130,50,20400,191,201,189,191.43,103,25.85,45.02,6,1.54,79,0.0,0,0,2,0,103,25.91,6,104,25.95,6,89,25.98,6,89,26.0,6,104,26.01,6,104,26.0,6,104,25.99,6
2025-10-16,140,MUMH3,0,2,130,50,20400,189,191,191,191.14,103,25.91,45.01,6,1.55,79,0.0,0,0,3,0,104,25.95,6,89,25.98,6,89,26.0,6,104,26.01,6,104,26.0,6,104,25.99,6,104,25.96,6
2025-10-17,141,MUMH3,0,2,130,50,20400,186,189,192,190.79,104,25.95,45.0,6,1.56,79,0.0,0,0,4,0,89,25.98,6,89,26.0,6,104,26.01,6,104,26.0,6,104,25.99,6,104,25.96,6,104,25.93,6
2025-10-18,142,MUMH3,0,2,130,50,20400,185,186,178,190.93,89,25.98,45.0,6,1.57,69,0.0,0,0,5,1,89,26.0,6,104,26.01,6,104,26.0,6,104,25.99,6,104,25.96,6,104,25.93,6,89,25.89,6
2025-10-19,143,MUMH3,0,2,130,50,20400,185,185,178,191.14,89,26.0,45.0,6,1.57,69,0.0,0,0,6,1,104,26.01,6,104,26.0,6,104,25.99,6,104,25.96,6,104,25.93,6,89,25.89,6,89,25.85,6
2025-10-20,144,MUMH3,0,2,130,50,20400,205,185,204,190.93,104,26.01,45.01,6,1.58,79,0.0,0,0,0,0,104,26.0,6,104,25.99,6,104,25.96,6,104,25.93,6,89,25.89,6,89,25.85,6,104,25.81,6
2025-10-21,145,MUMH3,0,2,130,50,20400,204,205,201,191.29,104,26.0,45.02,6,1.59,79,0.0,0,0,1,0,104,25.99,6,104,25.96,6,104,25.93,6,89,25.89,6,89,25.85,6,104,25.81,6,104,25.76,6
2025-10-22,146,MUMH3,0,2,130,50,20400,191,204,191,191.43,104,25.99,45.03,6,1.6,79,0.0,0,0,2,0,104,25.96,6,104,25.93,6,89,25.89,6,89,25.85,6,104,25.81,6,104,25.76,6,104,25.71,6
2025-10-23,147,MUMH3,0,2,130,50,20400,195,191,189,191.71,104,25.96,45.05,6,1.61,79,0.0,0,0,3,0,104,25.93,6,89,25.89,6,89,25.85,6,104,25.81,6,104,25.76,6,104,25.71,6,104,25.67,6
2025-10-24,148,MUMH3,0,2,130,50,20400,189,195,186,191.5,104,25.93,45.08,6,1.62,79,0.0,0,0,4,0,89,25.89,6,89,25.85,6,104,25.81,6,104,25.76,6,104,25.71,6,104,25.67,6,104,25.63,6
2025-10-25,149,MUMH3,0,2,130,50,20400,181,189,185,191.71,89,25.89,45.1,6,1.63,69,0.0,0,0,5,1,89,25.85,6,104,25.81,6,104,25.76,6,104,25.71,6,104,25.67,6,104,25.63,6,88,25.59,6
2025-10-26,150,MUMH3,0,2,130,50,20400,178,181,185,191.71,89,25.85,45.14,6,1.64,69,0.0,0,0,6,1,104,25.81,6,104,25.76,6,104,25.71,6,104,25.67,6,104,25.63,6,88,25.59,6,88,25.56,6
2025-10-27,151,MUMH3,0,2,130,50,20400,204,178,205,191.71,104,25.81,45.17,6,1.65,79,0.0,0,0,0,0,104,25.76,6,104,25.71,6,104,25.67,6,104,25.63,6,88,25.59,6,88,25.56,6,103,25.54,6
2025-10-28,152,MUMH3,0,2,130,50,20400,207,204,204,192.14,104,25.76,45.21,6,1.66,79,0.0,0,0,1,0,104,25.71,6,104,25.67,6,104,25.63,6,88,25.59,6,88,25.56,6,103,25.54,6,103,25.53,6
2025-10-29,153,MUMH3,0,2,130,50,20400,189,207,191,192.0,104,25.71,45.26,6,1.67,79,0.0,0,0,2,0,104,25.67,6,104,25.63,6,88,25.59,6,88,25.56,6,103,25.54,6,103,25.53,6,103,25.53,6
2025-10-30,154,MUMH3,0,2,130,50,20400,191,189,195,192.14,104,25.67,45.31,6,1.69,79,0.0,0,0,3,0,104,25.63,6,88,25.59,6,88,25.56,6,103,25.54,6,103,25.53,6,103,25.53,6,103,25.54,6
2025-10-31,155,MUMH3,0,2,130,50,20400,193,191,189,192.64,104,25.63,45.36,6,1.7,79,0.0,0,0,4,0,88,25.59,6,88,25.56,6,103,25.54,6,103,25.53,6,103,25.53,6,103,25.54,6,103,25.57,6
2025-11-01,156,MUMH3,0,2,130,50,20400,267,193,181,198.5,88,25.59,45.42,6,1.71,69,0.4,0,0,5,1,88,25.56,6,103,25.54,6,103,25.53,6,103,25.53,6,103,25.54,6,103,25.57,6,88,25.61,5
2025-11-02,157,MUMH3,0,2,130,50,20400,183,267,178,198.36,88,25.56,45.49,6,1.73,69,0.0,0,0,6,1,103,25.54,6,103,25.53,6,103,25.53,6,103,25.54,6,103,25.57,6,88,25.61,5,88,25.66,5
2025-11-03,158,MUMH3,0,2,130,50,20400,200,183,204,198.0,103,25.54,45.55,6,1.74,79,0.0,0,0,0,0,103,25.53,6,103,25.53,6,103,25.54,6,103,25.57,6,88,25.61,5,88,25.66,5,104,25.73,5
2025-11-04,159,MUMH3,0,2,130,50,20400,200,200,207,197.71,103,25.53,45.62,6,1.75,79,0.0,0,0,1,0,103,25.53,6,103,25.54,6,103,25.57,6,88,25.61,5,88,25.66,5,104,25.73,5,104,25.81,5
2025-11-05,160,MUMH3,0,2,130,50,20400,195,200,189,198.0,103,25.53,45.7,6,1.77,79,0.0,0,0,2,0,103,25.54,6,103,25.57,6,88,25.61,5,88,25.66,5,104,25.73,5,104,25.81,5,104,25.9,5
2025-11-06,161,MUMH3,0,2,130,50,20400,198,195,191,198.21,103,25.54,45.78,6,1.78,79,0.0,0,0,3,0,103,25.57,6,88,25.61,5,88,25.66,5,104,25.73,5,104,25.81,5,104,25.9,5,104,26.01,5
2025-11-07,162,MUMH3,0,2,130,50,20400,196,198,193,198.71,103,25.57,45.86,6,1.8,79,0.0,0,0,4,0,88,25.61,5,88,25.66,5,104,25.73,5,104,25.81,5,104,25.9,5,104,26.01,5,105,26.13,5
2025-11-08,163,MUMH3,0,2,130,50,20400,183,196,267,198.86,88,25.61,45.95,5,1.81,69,0.0,0,0,5,1,88,25.66,5,104,25.73,5,104,25.81,5,104,25.9,5,104,26.01,5,105,26.13,5,90,26.26,5
2025-11-09,164,MUMH3,0,2,130,50,20400,181,183,183,199.07,88,25.66,46.05,5,1.83,69,0.0,0,0,6,1,104,25.73,5,104,25.81,5,104,25.9,5,104,26.01,5,105,26.13,5,90,26.26,5,91,26.4,5
2025-11-10,165,MUMH3,0,2,130,50,20400,201,181,200,198.86,104,25.73,46.14,5,1.85,79,0.0,0,0,0,0,104,25.81,5,104,25.9,5,104,26.01,5,105,26.13,5,90,26.26,5,91,26.4,5,106,26.55,5
2025-11-11,166,MUMH3,0,2,130,50,20400,206,201,200,198.79,104,25.81,46.24,5,1.86,79,0.0,0,0,1,0,104,25.9,5,104,26.01,5,105,26.13,5,90,26.26,5,91,26.4,5,106,26.55,5,107,26.71,5
2025-11-12,167,MUMH3,0,2,130,50,20400,198,206,195,199.43,104,25.9,46.35,5,1.88,79,0.0,0,0,2,0,104,26.01,5,105,26.13,5,90,26.26,5,91,26.4,5,106,26.55,5,107,26.71,5,108,26.87,5
2025-11-13,168,MUMH3,0,2,130,50,20400,193,198,198,199.57,104,26.01,46.46,5,1.9,79,0.0,0,0,3,0,105,26.13,5,90,26.26,5,91,26.4,5,106,26.55,5,107,26.71,5,108,26.87,5,108,27.04,5
2025-11-14,169,MUMH3,0,2,130,50,20400,192,193,196,199.5,105,26.13,46.57,5,1.91,79,0.0,0,0,4,0,90,26.26,5,91,26.4,5,106,26.55,5,107,26.71,5,108,26.87,5,108,27.04,5,109,27.21,5
2025-11-15,170,MUMH3,0,2,130,50,20400,181,192,183,193.36,90,26.26,46.69,5,1.93,69,0.0,0,0,5,1,91,26.4,5,106,26.55,5,107,26.71,5,108,26.87,5,108,27.04,5,109,27.21,5,95,27.38,5
2025-11-16,171,MUMH3,0,2,130,50,20400,184,181,181,193.43,91,26.4,46.81,5,1.95,69,0.0,0,0,6,1,106,26.55,5,107,26.71,5,108,26.87,5,108,27.04,5,109,27.21,5,95,27.38,5,96,27.55,5
2025-11-17,172,MUMH3,0,2,130,50,20400,209,184,201,194.07,106,26.55,46.93,5,1.97,79,0.0,0,0,0,0,107,26.71,5,108,26.87,5,108,27.04,5,109,27.21,5,95,27.38,5,96,27.55,5,112,27.72,4
2025-11-18,173,MUMH3,0,2,130,50,20400,199,209,206,194.0,107,26.71,47.06,5,1.99,79,0.0,0,0,1,0,108,26.87,5,108,27.04,5,109,27.21,5,95,27.38,5,96,27.55,5,112,27.72,4,112,27.88,4
2025-11-19,174,MUMH3,0,2,130,50,20400,196,199,198,194.07,108,26.87,47.19,5,2.01,79,0.0,0,0,2,0,108,27.04,5,109,27.21,5,95,27.38,5,96,27.55,5,112,27.72,4,112,27.88,4,113,28.04,4
2025-11-20,175,MUMH3,0,2,130,50,20400,192,196,193,193.64,108,27.04,47.33,5,2.03,79,0.0,0,0,3,0,109,27.21,5,95,27.38,5,96,27.55,5,112,27.72,4,112,27.88,4,113,28.04,4,114,28.19,4
2025-11-21,176,MUMH3,0,2,130,50,20400,202,192,192,194.07,109,27.21,47.47,5,2.05,79,0.0,0,0,4,0,95,27.38,5,96,27.55,5,112,27.72,4,112,27.88,4,113,28.04,4,114,28.19,4,115,28.33,4
2025-11-22,177,MUMH3,0,2,130,50,20400,185,202,181,194.21,95,27.38,47.62,5,2.07,69,0.0,0,0,5,1,96,27.55,5,112,27.72,4,112,27.88,4,113,28.04,4,114,28.19,4,115,28.33,4,101,28.46,4
2025-11-23,178,MUMH3,0,2,130,50,20400,184,185,184,194.43,96,27.55,47.76,5,2.09,69,0.0,0,0,6,1,112,27.72,4,112,27.88,4,113,28.04,4,114,28.19,4,115,28.33,4,101,28.46,4,101,28.58,4
2025-11-24,179,MUMH3,0,2,130,50,20400,208,184,209,194.93,112,27.72,47.91,4,2.11,79,0.0,0,0,0,0,112,27.88,4,113,28.04,4,114,28.19,4,115,28.33,4,101,28.46,4,101,28.58,4,117,28.69,4
2025-11-25,180,MUMH3,0,2,130,50,20400,203,208,199,194.71,112,27.88,48.07,4,2.13,79,0.0,0,0,1,0,113,28.04,4,114,28.19,4,115,28.33,4,101,28.46,4,101,28.58,4,117,28.69,4,118,28.79,4
2025-11-26,181,MUMH3,0,2,130,50,20400,194,203,196,194.43,113,28.04,48.23,4,2.15,79,0.0,0,0,2,0,114,28.19,4,115,28.33,4,101,28.46,4,101,28.58,4,117,28.69,4,118,28.79,4,118,28.87,4
2025-11-27,182,MUMH3,0,2,130,50,20400,198,194,192,194.79,114,28.19,48.39,4,2.17,79,0.0,0,0,3,0,115,28.33,4,101,28.46,4,101,28.58,4,117,28.69,4,118,28.79,4,118,28.87,4,119,28.94,4
